[2026-08-01T21:27:36.271202] MODE: ACTUAL
  Customers Found     : 1
  Pipeline Deals Found: 0
  Migrated            : 0
  Created             : 0
  Skipped             : 0
  Duplicates          : 0
  Errors              : 0
  Integrity           : PASS
  Dashboard KPI       : PASS
  Proposal Links      : PASS
  Project Links       : PASS
--------------------------------------------------
[2026-08-01T21:28:00.909252] MODE: ACTUAL
  Customers Found     : 6
  Pipeline Deals Found: 1
  Migrated            : 1
  Created             : 3
  Skipped             : 1
  Duplicates          : 0
  Errors              : 0
  Integrity           : PASS
  Dashboard KPI       : PASS
  Proposal Links      : PASS
  Project Links       : PASS
--------------------------------------------------
[2026-08-01T21:28:01.826517] MODE: ACTUAL
  Customers Found     : 1
  Pipeline Deals Found: 0
  Migrated            : 0
  Created             : 0
  Skipped             : 0
  Duplicates          : 0
  Errors              : 0
  Integrity           : PASS
  Dashboard KPI       : PASS
  Proposal Links      : PASS
  Project Links       : PASS
--------------------------------------------------
[2026-08-01T21:28:09.128813] MODE: ACTUAL
  Customers Found     : 6
  Pipeline Deals Found: 1
  Migrated            : 1
  Created             : 3
  Skipped             : 1
  Duplicates          : 0
  Errors              : 0
  Integrity           : PASS
  Dashboard KPI       : PASS
  Proposal Links      : PASS
  Project Links       : PASS
--------------------------------------------------
[2026-08-01T21:28:15.068540] MODE: ACTUAL
  Customers Found     : 0
  Pipeline Deals Found: 0
  Migrated            : 0
  Created             : 0
  Skipped             : 0
  Duplicates          : 0
  Errors              : 0
  Integrity           : PASS
  Dashboard KPI       : PASS
  Proposal Links      : PASS
  Project Links       : PASS
--------------------------------------------------
[2026-08-01T21:28:20.607664] MODE: ACTUAL
  Customers Found     : 0
  Pipeline Deals Found: 0
  Migrated            : 0
  Created             : 0
  Skipped             : 0
  Duplicates          : 0
  Errors              : 0
  Integrity           : PASS
  Dashboard KPI       : PASS
  Proposal Links      : PASS
  Project Links       : PASS
--------------------------------------------------
[2026-08-01T21:28:21.071160] MODE: ACTUAL
  Customers Found     : 0
  Pipeline Deals Found: 0
  Migrated            : 0
  Created             : 0
  Skipped             : 0
  Duplicates          : 0
  Errors              : 0
  Integrity           : PASS
  Dashboard KPI       : PASS
  Proposal Links      : PASS
  Project Links       : PASS
--------------------------------------------------
[2026-08-01T21:28:21.522492] MODE: ACTUAL
  Customers Found     : 0
  Pipeline Deals Found: 0
  Migrated            : 0
  Created             : 0
  Skipped             : 0
  Duplicates          : 0
  Errors              : 0
  Integrity           : PASS
  Dashboard KPI       : PASS
  Proposal Links      : PASS
  Project Links       : PASS
--------------------------------------------------
[2026-08-01T21:28:22.024956] MODE: ACTUAL
  Customers Found     : 0
  Pipeline Deals Found: 0
  Migrated            : 0
  Created             : 0
  Skipped             : 0
  Duplicates          : 0
  Errors              : 0
  Integrity           : PASS
  Dashboard KPI       : PASS
  Proposal Links      : PASS
  Project Links       : PASS
--------------------------------------------------
[2026-08-01T21:28:22.488741] MODE: ACTUAL
  Customers Found     : 0
  Pipeline Deals Found: 0
  Migrated            : 0
  Created             : 0
  Skipped             : 0
  Duplicates          : 0
  Errors              : 0
  Integrity           : PASS
  Dashboard KPI       : PASS
  Proposal Links      : PASS
  Project Links       : PASS
--------------------------------------------------
[2026-08-01T21:28:22.910994] MODE: ACTUAL
  Customers Found     : 0
  Pipeline Deals Found: 0
  Migrated            : 0
  Created             : 0
  Skipped             : 0
  Duplicates          : 0
  Errors              : 0
  Integrity           : PASS
  Dashboard KPI       : PASS
  Proposal Links      : PASS
  Project Links       : PASS
--------------------------------------------------
[2026-08-01T21:28:33.352689] MODE: ACTUAL
  Customers Found     : 1
  Pipeline Deals Found: 0
  Migrated            : 0
  Created             : 0
  Skipped             : 1
  Duplicates          : 0
  Errors              : 0
  Integrity           : PASS
  Dashboard KPI       : PASS
  Proposal Links      : PASS
  Project Links       : PASS
--------------------------------------------------
[2026-08-01T21:28:35.691896] MODE: ACTUAL
  Customers Found     : 0
  Pipeline Deals Found: 0
  Migrated            : 0
  Created             : 0
  Skipped             : 0
  Duplicates          : 0
  Errors              : 0
  Integrity           : PASS
  Dashboard KPI       : PASS
  Proposal Links      : PASS
  Project Links       : PASS
--------------------------------------------------
[2026-08-01T21:28:36.702789] MODE: ACTUAL
  Customers Found     : 1
  Pipeline Deals Found: 0
  Migrated            : 0
  Created             : 0
  Skipped             : 0
  Duplicates          : 0
  Errors              : 0
  Integrity           : PASS
  Dashboard KPI       : PASS
  Proposal Links      : PASS
  Project Links       : PASS
--------------------------------------------------
[2026-08-02T01:48:42.381221] MODE: ACTUAL
  Customers Found     : 1
  Pipeline Deals Found: 0
  Migrated            : 0
  Created             : 0
  Skipped             : 0
  Duplicates          : 0
  Errors              : 0
  Integrity           : PASS
  Dashboard KPI       : PASS
  Proposal Links      : PASS
  Project Links       : PASS
--------------------------------------------------
[2026-08-02T02:06:57.646553] MODE: ACTUAL
  Customers Found     : 1
  Pipeline Deals Found: 0
  Migrated            : 0
  Created             : 0
  Skipped             : 0
  Duplicates          : 0
  Errors              : 0
  Integrity           : PASS
  Dashboard KPI       : PASS
  Proposal Links      : PASS
  Project Links       : PASS
--------------------------------------------------
[2026-08-02T02:08:06.593470] MODE: ACTUAL
  Customers Found     : 1
  Pipeline Deals Found: 0
  Migrated            : 0
  Created             : 0
  Skipped             : 0
  Duplicates          : 0
  Errors              : 0
  Integrity           : PASS
  Dashboard KPI       : PASS
  Proposal Links      : PASS
  Project Links       : PASS
--------------------------------------------------
[2026-08-02T02:13:50.018906] MODE: ACTUAL
  Customers Found     : 1
  Pipeline Deals Found: 0
  Migrated            : 0
  Created             : 0
  Skipped             : 0
  Duplicates          : 0
  Errors              : 0
  Integrity           : PASS
  Dashboard KPI       : PASS
  Proposal Links      : PASS
  Project Links       : PASS
--------------------------------------------------
[2026-08-02T02:13:52.225350] MODE: ACTUAL
  Customers Found     : 1
  Pipeline Deals Found: 0
  Migrated            : 0
  Created             : 0
  Skipped             : 0
  Duplicates          : 0
  Errors              : 0
  Integrity           : PASS
  Dashboard KPI       : PASS
  Proposal Links      : PASS
  Project Links       : PASS
--------------------------------------------------
[2026-08-02T02:13:57.696621] MODE: ACTUAL
  Customers Found     : 1
  Pipeline Deals Found: 0
  Migrated            : 0
  Created             : 0
  Skipped             : 0
  Duplicates          : 0
  Errors              : 0
  Integrity           : PASS
  Dashboard KPI       : PASS
  Proposal Links      : PASS
  Project Links       : PASS
--------------------------------------------------
[2026-08-02T02:14:02.737918] MODE: ACTUAL
  Customers Found     : 1
  Pipeline Deals Found: 0
  Migrated            : 0
  Created             : 0
  Skipped             : 0
  Duplicates          : 0
  Errors              : 0
  Integrity           : FAIL
  Dashboard KPI       : FAIL
  Proposal Links      : FAIL
  Project Links       : FAIL
--------------------------------------------------
[2026-08-02T02:14:03.551675] MODE: ACTUAL
  Customers Found     : 1
  Pipeline Deals Found: 0
  Migrated            : 0
  Created             : 0
  Skipped             : 0
  Duplicates          : 0
  Errors              : 0
  Integrity           : PASS
  Dashboard KPI       : PASS
  Proposal Links      : PASS
  Project Links       : PASS
--------------------------------------------------
[2026-08-02T02:14:08.234097] MODE: ACTUAL
  Customers Found     : 1
  Pipeline Deals Found: 0
  Migrated            : 0
  Created             : 0
  Skipped             : 0
  Duplicates          : 0
  Errors              : 0
  Integrity           : PASS
  Dashboard KPI       : PASS
  Proposal Links      : PASS
  Project Links       : PASS
--------------------------------------------------
[2026-08-02T02:14:13.425379] MODE: ACTUAL
  Customers Found     : 1
  Pipeline Deals Found: 0
  Migrated            : 0
  Created             : 0
  Skipped             : 0
  Duplicates          : 0
  Errors              : 0
  Integrity           : PASS
  Dashboard KPI       : PASS
  Proposal Links      : PASS
  Project Links       : PASS
--------------------------------------------------
[2026-08-02T02:14:15.932817] MODE: ACTUAL
  Customers Found     : 0
  Pipeline Deals Found: 0
  Migrated            : 0
  Created             : 0
  Skipped             : 0
  Duplicates          : 0
  Errors              : 0
  Integrity           : PASS
  Dashboard KPI       : PASS
  Proposal Links      : PASS
  Project Links       : PASS
--------------------------------------------------
[2026-08-02T02:14:15.953563] MODE: ACTUAL
  Customers Found     : 1
  Pipeline Deals Found: 0
  Migrated            : 0
  Created             : 1
  Skipped             : 0
  Duplicates          : 0
  Errors              : 0
  Integrity           : PASS
  Dashboard KPI       : PASS
  Proposal Links      : PASS
  Project Links       : PASS
--------------------------------------------------
[2026-08-02T02:14:16.359564] MODE: ACTUAL
  Customers Found     : 0
  Pipeline Deals Found: 0
  Migrated            : 0
  Created             : 0
  Skipped             : 0
  Duplicates          : 0
  Errors              : 0
  Integrity           : PASS
  Dashboard KPI       : PASS
  Proposal Links      : PASS
  Project Links       : PASS
--------------------------------------------------
[2026-08-02T02:14:22.359123] MODE: ACTUAL
  Customers Found     : 1
  Pipeline Deals Found: 0
  Migrated            : 0
  Created             : 0
  Skipped             : 0
  Duplicates          : 0
  Errors              : 0
  Integrity           : PASS
  Dashboard KPI       : PASS
  Proposal Links      : PASS
  Project Links       : PASS
--------------------------------------------------
[2026-08-02T02:14:24.620418] MODE: ACTUAL
  Customers Found     : 0
  Pipeline Deals Found: 0
  Migrated            : 0
  Created             : 0
  Skipped             : 0
  Duplicates          : 0
  Errors              : 0
  Integrity           : PASS
  Dashboard KPI       : PASS
  Proposal Links      : PASS
  Project Links       : PASS
--------------------------------------------------
[2026-08-02T02:14:24.644461] MODE: ACTUAL
  Customers Found     : 1
  Pipeline Deals Found: 0
  Migrated            : 0
  Created             : 1
  Skipped             : 0
  Duplicates          : 0
  Errors              : 0
  Integrity           : PASS
  Dashboard KPI       : PASS
  Proposal Links      : PASS
  Project Links       : PASS
--------------------------------------------------
[2026-08-02T02:14:25.048716] MODE: ACTUAL
  Customers Found     : 0
  Pipeline Deals Found: 0
  Migrated            : 0
  Created             : 0
  Skipped             : 0
  Duplicates          : 0
  Errors              : 0
  Integrity           : PASS
  Dashboard KPI       : PASS
  Proposal Links      : PASS
  Project Links       : PASS
--------------------------------------------------
[2026-08-02T02:14:25.070829] MODE: ACTUAL
  Customers Found     : 0
  Pipeline Deals Found: 0
  Migrated            : 0
  Created             : 0
  Skipped             : 0
  Duplicates          : 0
  Errors              : 1
  Integrity           : FAIL
  Dashboard KPI       : FAIL
  Proposal Links      : FAIL
  Project Links       : FAIL
--------------------------------------------------
[2026-08-02T02:14:29.916020] MODE: ACTUAL
  Customers Found     : 1
  Pipeline Deals Found: 0
  Migrated            : 0
  Created             : 0
  Skipped             : 0
  Duplicates          : 0
  Errors              : 0
  Integrity           : PASS
  Dashboard KPI       : PASS
  Proposal Links      : PASS
  Project Links       : PASS
--------------------------------------------------
[2026-08-02T02:14:31.390040] MODE: ACTUAL
  Customers Found     : 0
  Pipeline Deals Found: 0
  Migrated            : 0
  Created             : 0
  Skipped             : 0
  Duplicates          : 0
  Errors              : 0
  Integrity           : PASS
  Dashboard KPI       : PASS
  Proposal Links      : PASS
  Project Links       : PASS
--------------------------------------------------
[2026-08-02T02:14:32.423779] MODE: ACTUAL
  Customers Found     : 1
  Pipeline Deals Found: 0
  Migrated            : 0
  Created             : 0
  Skipped             : 0
  Duplicates          : 0
  Errors              : 0
  Integrity           : PASS
  Dashboard KPI       : PASS
  Proposal Links      : PASS
  Project Links       : PASS
--------------------------------------------------
[2026-08-02T02:21:46.819339] MODE: ACTUAL
  Customers Found     : 0
  Pipeline Deals Found: 0
  Migrated            : 0
  Created             : 0
  Skipped             : 0
  Duplicates          : 0
  Errors              : 0
  Integrity           : PASS
  Dashboard KPI       : PASS
  Proposal Links      : PASS
  Project Links       : PASS
--------------------------------------------------
[2026-08-02T02:21:46.842274] MODE: ACTUAL
  Customers Found     : 1
  Pipeline Deals Found: 0
  Migrated            : 0
  Created             : 1
  Skipped             : 0
  Duplicates          : 0
  Errors              : 0
  Integrity           : PASS
  Dashboard KPI       : PASS
  Proposal Links      : PASS
  Project Links       : PASS
--------------------------------------------------
[2026-08-02T02:21:47.253297] MODE: ACTUAL
  Customers Found     : 0
  Pipeline Deals Found: 0
  Migrated            : 0
  Created             : 0
  Skipped             : 0
  Duplicates          : 0
  Errors              : 0
  Integrity           : PASS
  Dashboard KPI       : PASS
  Proposal Links      : PASS
  Project Links       : PASS
--------------------------------------------------
[2026-08-02T02:21:47.671324] MODE: ACTUAL
  Customers Found     : 0
  Pipeline Deals Found: 0
  Migrated            : 0
  Created             : 0
  Skipped             : 0
  Duplicates          : 0
  Errors              : 0
  Integrity           : PASS
  Dashboard KPI       : PASS
  Proposal Links      : PASS
  Project Links       : PASS
--------------------------------------------------
[2026-08-02T02:21:47.707764] MODE: ACTUAL
  Customers Found     : 1
  Pipeline Deals Found: 0
  Migrated            : 0
  Created             : 0
  Skipped             : 1
  Duplicates          : 0
  Errors              : 0
  Integrity           : PASS
  Dashboard KPI       : PASS
  Proposal Links      : PASS
  Project Links       : PASS
--------------------------------------------------
[2026-08-02T02:21:48.110428] MODE: ACTUAL
  Customers Found     : 0
  Pipeline Deals Found: 0
  Migrated            : 0
  Created             : 0
  Skipped             : 0
  Duplicates          : 0
  Errors              : 0
  Integrity           : PASS
  Dashboard KPI       : PASS
  Proposal Links      : PASS
  Project Links       : PASS
--------------------------------------------------
[2026-08-02T02:21:48.139061] MODE: ACTUAL
  Customers Found     : 1
  Pipeline Deals Found: 0
  Migrated            : 0
  Created             : 1
  Skipped             : 0
  Duplicates          : 0
  Errors              : 0
  Integrity           : PASS
  Dashboard KPI       : PASS
  Proposal Links      : PASS
  Project Links       : PASS
--------------------------------------------------
[2026-08-02T02:21:48.541787] MODE: ACTUAL
  Customers Found     : 0
  Pipeline Deals Found: 0
  Migrated            : 0
  Created             : 0
  Skipped             : 0
  Duplicates          : 0
  Errors              : 0
  Integrity           : PASS
  Dashboard KPI       : PASS
  Proposal Links      : PASS
  Project Links       : PASS
--------------------------------------------------
[2026-08-02T02:21:48.577256] MODE: ACTUAL
  Customers Found     : 1
  Pipeline Deals Found: 0
  Migrated            : 0
  Created             : 1
  Skipped             : 0
  Duplicates          : 0
  Errors              : 0
  Integrity           : PASS
  Dashboard KPI       : PASS
  Proposal Links      : PASS
  Project Links       : PASS
--------------------------------------------------
[2026-08-02T02:21:48.990901] MODE: ACTUAL
  Customers Found     : 0
  Pipeline Deals Found: 0
  Migrated            : 0
  Created             : 0
  Skipped             : 0
  Duplicates          : 0
  Errors              : 0
  Integrity           : PASS
  Dashboard KPI       : PASS
  Proposal Links      : PASS
  Project Links       : PASS
--------------------------------------------------
[2026-08-02T02:21:49.403981] MODE: ACTUAL
  Customers Found     : 0
  Pipeline Deals Found: 0
  Migrated            : 0
  Created             : 0
  Skipped             : 0
  Duplicates          : 0
  Errors              : 0
  Integrity           : PASS
  Dashboard KPI       : PASS
  Proposal Links      : PASS
  Project Links       : PASS
--------------------------------------------------
[2026-08-02T02:22:06.757497] MODE: ACTUAL
  Customers Found     : 0
  Pipeline Deals Found: 0
  Migrated            : 0
  Created             : 0
  Skipped             : 0
  Duplicates          : 0
  Errors              : 0
  Integrity           : PASS
  Dashboard KPI       : PASS
  Proposal Links      : PASS
  Project Links       : PASS
--------------------------------------------------
[2026-08-02T02:22:06.781245] MODE: ACTUAL
  Customers Found     : 1
  Pipeline Deals Found: 0
  Migrated            : 0
  Created             : 1
  Skipped             : 0
  Duplicates          : 0
  Errors              : 0
  Integrity           : PASS
  Dashboard KPI       : PASS
  Proposal Links      : PASS
  Project Links       : PASS
--------------------------------------------------
[2026-08-02T02:22:07.168941] MODE: ACTUAL
  Customers Found     : 0
  Pipeline Deals Found: 0
  Migrated            : 0
  Created             : 0
  Skipped             : 0
  Duplicates          : 0
  Errors              : 0
  Integrity           : PASS
  Dashboard KPI       : PASS
  Proposal Links      : PASS
  Project Links       : PASS
--------------------------------------------------
[2026-08-02T02:22:07.593642] MODE: ACTUAL
  Customers Found     : 0
  Pipeline Deals Found: 0
  Migrated            : 0
  Created             : 0
  Skipped             : 0
  Duplicates          : 0
  Errors              : 0
  Integrity           : PASS
  Dashboard KPI       : PASS
  Proposal Links      : PASS
  Project Links       : PASS
--------------------------------------------------
[2026-08-02T02:22:08.006459] MODE: ACTUAL
  Customers Found     : 0
  Pipeline Deals Found: 0
  Migrated            : 0
  Created             : 0
  Skipped             : 0
  Duplicates          : 0
  Errors              : 0
  Integrity           : PASS
  Dashboard KPI       : PASS
  Proposal Links      : PASS
  Project Links       : PASS
--------------------------------------------------
[2026-08-02T02:22:08.415742] MODE: ACTUAL
  Customers Found     : 0
  Pipeline Deals Found: 0
  Migrated            : 0
  Created             : 0
  Skipped             : 0
  Duplicates          : 0
  Errors              : 0
  Integrity           : PASS
  Dashboard KPI       : PASS
  Proposal Links      : PASS
  Project Links       : PASS
--------------------------------------------------
[2026-08-02T02:22:08.833219] MODE: ACTUAL
  Customers Found     : 0
  Pipeline Deals Found: 0
  Migrated            : 0
  Created             : 0
  Skipped             : 0
  Duplicates          : 0
  Errors              : 0
  Integrity           : PASS
  Dashboard KPI       : PASS
  Proposal Links      : PASS
  Project Links       : PASS
--------------------------------------------------
[2026-08-02T02:22:09.247009] MODE: ACTUAL
  Customers Found     : 0
  Pipeline Deals Found: 0
  Migrated            : 0
  Created             : 0
  Skipped             : 0
  Duplicates          : 0
  Errors              : 0
  Integrity           : PASS
  Dashboard KPI       : PASS
  Proposal Links      : PASS
  Project Links       : PASS
--------------------------------------------------
[2026-08-02T02:22:27.287700] MODE: ACTUAL
  Customers Found     : 0
  Pipeline Deals Found: 0
  Migrated            : 0
  Created             : 0
  Skipped             : 0
  Duplicates          : 0
  Errors              : 0
  Integrity           : PASS
  Dashboard KPI       : PASS
  Proposal Links      : PASS
  Project Links       : PASS
--------------------------------------------------
[2026-08-02T02:22:27.309997] MODE: ACTUAL
  Customers Found     : 1
  Pipeline Deals Found: 0
  Migrated            : 0
  Created             : 1
  Skipped             : 0
  Duplicates          : 0
  Errors              : 0
  Integrity           : PASS
  Dashboard KPI       : PASS
  Proposal Links      : PASS
  Project Links       : PASS
--------------------------------------------------
[2026-08-02T02:22:27.715916] MODE: ACTUAL
  Customers Found     : 0
  Pipeline Deals Found: 0
  Migrated            : 0
  Created             : 0
  Skipped             : 0
  Duplicates          : 0
  Errors              : 0
  Integrity           : PASS
  Dashboard KPI       : PASS
  Proposal Links      : PASS
  Project Links       : PASS
--------------------------------------------------
[2026-08-02T02:22:28.147598] MODE: ACTUAL
  Customers Found     : 0
  Pipeline Deals Found: 0
  Migrated            : 0
  Created             : 0
  Skipped             : 0
  Duplicates          : 0
  Errors              : 0
  Integrity           : PASS
  Dashboard KPI       : PASS
  Proposal Links      : PASS
  Project Links       : PASS
--------------------------------------------------
[2026-08-02T02:22:28.177332] MODE: ACTUAL
  Customers Found     : 1
  Pipeline Deals Found: 0
  Migrated            : 0
  Created             : 0
  Skipped             : 1
  Duplicates          : 0
  Errors              : 0
  Integrity           : PASS
  Dashboard KPI       : PASS
  Proposal Links      : PASS
  Project Links       : PASS
--------------------------------------------------
[2026-08-02T02:22:28.575468] MODE: ACTUAL
  Customers Found     : 0
  Pipeline Deals Found: 0
  Migrated            : 0
  Created             : 0
  Skipped             : 0
  Duplicates          : 0
  Errors              : 0
  Integrity           : PASS
  Dashboard KPI       : PASS
  Proposal Links      : PASS
  Project Links       : PASS
--------------------------------------------------
[2026-08-02T02:22:28.604056] MODE: ACTUAL
  Customers Found     : 1
  Pipeline Deals Found: 0
  Migrated            : 0
  Created             : 1
  Skipped             : 0
  Duplicates          : 0
  Errors              : 0
  Integrity           : PASS
  Dashboard KPI       : PASS
  Proposal Links      : PASS
  Project Links       : PASS
--------------------------------------------------
[2026-08-02T02:22:29.009564] MODE: ACTUAL
  Customers Found     : 0
  Pipeline Deals Found: 0
  Migrated            : 0
  Created             : 0
  Skipped             : 0
  Duplicates          : 0
  Errors              : 0
  Integrity           : PASS
  Dashboard KPI       : PASS
  Proposal Links      : PASS
  Project Links       : PASS
--------------------------------------------------
[2026-08-02T02:22:29.041459] MODE: ACTUAL
  Customers Found     : 1
  Pipeline Deals Found: 0
  Migrated            : 0
  Created             : 1
  Skipped             : 0
  Duplicates          : 0
  Errors              : 0
  Integrity           : PASS
  Dashboard KPI       : PASS
  Proposal Links      : PASS
  Project Links       : PASS
--------------------------------------------------
[2026-08-02T02:22:29.448867] MODE: ACTUAL
  Customers Found     : 0
  Pipeline Deals Found: 0
  Migrated            : 0
  Created             : 0
  Skipped             : 0
  Duplicates          : 0
  Errors              : 0
  Integrity           : PASS
  Dashboard KPI       : PASS
  Proposal Links      : PASS
  Project Links       : PASS
--------------------------------------------------
[2026-08-02T02:22:29.470356] MODE: ACTUAL
  Customers Found     : 1
  Pipeline Deals Found: 0
  Migrated            : 0
  Created             : 1
  Skipped             : 0
  Duplicates          : 0
  Errors              : 0
  Integrity           : PASS
  Dashboard KPI       : PASS
  Proposal Links      : PASS
  Project Links       : PASS
--------------------------------------------------
[2026-08-02T02:22:29.490554] MODE: ACTUAL
  Customers Found     : 1
  Pipeline Deals Found: 0
  Migrated            : 0
  Created             : 0
  Skipped             : 0
  Duplicates          : 0
  Errors              : 0
  Integrity           : PASS
  Dashboard KPI       : PASS
  Proposal Links      : PASS
  Project Links       : PASS
--------------------------------------------------
[2026-08-02T02:22:29.885838] MODE: ACTUAL
  Customers Found     : 0
  Pipeline Deals Found: 0
  Migrated            : 0
  Created             : 0
  Skipped             : 0
  Duplicates          : 0
  Errors              : 0
  Integrity           : PASS
  Dashboard KPI       : PASS
  Proposal Links      : PASS
  Project Links       : PASS
--------------------------------------------------
[2026-08-02T02:22:37.198606] MODE: ACTUAL
  Customers Found     : 0
  Pipeline Deals Found: 0
  Migrated            : 0
  Created             : 0
  Skipped             : 0
  Duplicates          : 0
  Errors              : 0
  Integrity           : PASS
  Dashboard KPI       : PASS
  Proposal Links      : PASS
  Project Links       : PASS
--------------------------------------------------
[2026-08-02T02:22:37.220324] MODE: ACTUAL
  Customers Found     : 1
  Pipeline Deals Found: 0
  Migrated            : 0
  Created             : 1
  Skipped             : 0
  Duplicates          : 0
  Errors              : 0
  Integrity           : PASS
  Dashboard KPI       : PASS
  Proposal Links      : PASS
  Project Links       : PASS
--------------------------------------------------
[2026-08-02T02:22:37.630133] MODE: ACTUAL
  Customers Found     : 0
  Pipeline Deals Found: 0
  Migrated            : 0
  Created             : 0
  Skipped             : 0
  Duplicates          : 0
  Errors              : 0
  Integrity           : PASS
  Dashboard KPI       : PASS
  Proposal Links      : PASS
  Project Links       : PASS
--------------------------------------------------
[2026-08-02T02:22:37.658772] MODE: ACTUAL
  Customers Found     : 1
  Pipeline Deals Found: 0
  Migrated            : 0
  Created             : 1
  Skipped             : 0
  Duplicates          : 0
  Errors              : 0
  Integrity           : PASS
  Dashboard KPI       : PASS
  Proposal Links      : PASS
  Project Links       : PASS
--------------------------------------------------
[2026-08-02T02:22:38.063365] MODE: ACTUAL
  Customers Found     : 0
  Pipeline Deals Found: 0
  Migrated            : 0
  Created             : 0
  Skipped             : 0
  Duplicates          : 0
  Errors              : 0
  Integrity           : PASS
  Dashboard KPI       : PASS
  Proposal Links      : PASS
  Project Links       : PASS
--------------------------------------------------
[2026-08-02T02:22:38.096649] MODE: ACTUAL
  Customers Found     : 1
  Pipeline Deals Found: 0
  Migrated            : 0
  Created             : 0
  Skipped             : 1
  Duplicates          : 0
  Errors              : 0
  Integrity           : PASS
  Dashboard KPI       : PASS
  Proposal Links      : PASS
  Project Links       : PASS
--------------------------------------------------
[2026-08-02T02:22:38.491253] MODE: ACTUAL
  Customers Found     : 0
  Pipeline Deals Found: 0
  Migrated            : 0
  Created             : 0
  Skipped             : 0
  Duplicates          : 0
  Errors              : 0
  Integrity           : PASS
  Dashboard KPI       : PASS
  Proposal Links      : PASS
  Project Links       : PASS
--------------------------------------------------
[2026-08-02T02:22:38.516463] MODE: ACTUAL
  Customers Found     : 1
  Pipeline Deals Found: 0
  Migrated            : 0
  Created             : 1
  Skipped             : 0
  Duplicates          : 0
  Errors              : 0
  Integrity           : PASS
  Dashboard KPI       : PASS
  Proposal Links      : PASS
  Project Links       : PASS
--------------------------------------------------
[2026-08-02T02:22:38.930041] MODE: ACTUAL
  Customers Found     : 0
  Pipeline Deals Found: 0
  Migrated            : 0
  Created             : 0
  Skipped             : 0
  Duplicates          : 0
  Errors              : 0
  Integrity           : PASS
  Dashboard KPI       : PASS
  Proposal Links      : PASS
  Project Links       : PASS
--------------------------------------------------
[2026-08-02T02:22:38.962407] MODE: ACTUAL
  Customers Found     : 1
  Pipeline Deals Found: 0
  Migrated            : 0
  Created             : 1
  Skipped             : 0
  Duplicates          : 0
  Errors              : 0
  Integrity           : PASS
  Dashboard KPI       : PASS
  Proposal Links      : PASS
  Project Links       : PASS
--------------------------------------------------
[2026-08-02T02:22:39.358924] MODE: ACTUAL
  Customers Found     : 0
  Pipeline Deals Found: 0
  Migrated            : 0
  Created             : 0
  Skipped             : 0
  Duplicates          : 0
  Errors              : 0
  Integrity           : PASS
  Dashboard KPI       : PASS
  Proposal Links      : PASS
  Project Links       : PASS
--------------------------------------------------
[2026-08-02T02:22:39.383230] MODE: ACTUAL
  Customers Found     : 1
  Pipeline Deals Found: 0
  Migrated            : 0
  Created             : 1
  Skipped             : 0
  Duplicates          : 0
  Errors              : 0
  Integrity           : PASS
  Dashboard KPI       : PASS
  Proposal Links      : PASS
  Project Links       : PASS
--------------------------------------------------
[2026-08-02T02:22:39.405690] MODE: ACTUAL
  Customers Found     : 1
  Pipeline Deals Found: 0
  Migrated            : 0
  Created             : 0
  Skipped             : 0
  Duplicates          : 0
  Errors              : 0
  Integrity           : PASS
  Dashboard KPI       : PASS
  Proposal Links      : PASS
  Project Links       : PASS
--------------------------------------------------
[2026-08-02T02:22:39.811689] MODE: ACTUAL
  Customers Found     : 0
  Pipeline Deals Found: 0
  Migrated            : 0
  Created             : 0
  Skipped             : 0
  Duplicates          : 0
  Errors              : 0
  Integrity           : PASS
  Dashboard KPI       : PASS
  Proposal Links      : PASS
  Project Links       : PASS
--------------------------------------------------
[2026-08-02T02:22:39.838241] MODE: ACTUAL
  Customers Found     : 1
  Pipeline Deals Found: 0
  Migrated            : 0
  Created             : 1
  Skipped             : 0
  Duplicates          : 0
  Errors              : 0
  Integrity           : PASS
  Dashboard KPI       : PASS
  Proposal Links      : PASS
  Project Links       : PASS
--------------------------------------------------
[2026-08-02T02:22:51.112948] MODE: ACTUAL
  Customers Found     : 0
  Pipeline Deals Found: 0
  Migrated            : 0
  Created             : 0
  Skipped             : 0
  Duplicates          : 0
  Errors              : 0
  Integrity           : PASS
  Dashboard KPI       : PASS
  Proposal Links      : PASS
  Project Links       : PASS
--------------------------------------------------
[2026-08-02T02:22:51.137431] MODE: ACTUAL
  Customers Found     : 1
  Pipeline Deals Found: 0
  Migrated            : 0
  Created             : 1
  Skipped             : 0
  Duplicates          : 0
  Errors              : 0
  Integrity           : PASS
  Dashboard KPI       : PASS
  Proposal Links      : PASS
  Project Links       : PASS
--------------------------------------------------
[2026-08-02T02:22:51.539094] MODE: ACTUAL
  Customers Found     : 0
  Pipeline Deals Found: 0
  Migrated            : 0
  Created             : 0
  Skipped             : 0
  Duplicates          : 0
  Errors              : 0
  Integrity           : PASS
  Dashboard KPI       : PASS
  Proposal Links      : PASS
  Project Links       : PASS
--------------------------------------------------
[2026-08-02T02:22:51.569662] MODE: ACTUAL
  Customers Found     : 1
  Pipeline Deals Found: 0
  Migrated            : 0
  Created             : 1
  Skipped             : 0
  Duplicates          : 0
  Errors              : 0
  Integrity           : PASS
  Dashboard KPI       : PASS
  Proposal Links      : PASS
  Project Links       : PASS
--------------------------------------------------
[2026-08-02T02:22:51.976239] MODE: ACTUAL
  Customers Found     : 0
  Pipeline Deals Found: 0
  Migrated            : 0
  Created             : 0
  Skipped             : 0
  Duplicates          : 0
  Errors              : 0
  Integrity           : PASS
  Dashboard KPI       : PASS
  Proposal Links      : PASS
  Project Links       : PASS
--------------------------------------------------
[2026-08-02T02:22:52.005981] MODE: ACTUAL
  Customers Found     : 1
  Pipeline Deals Found: 0
  Migrated            : 0
  Created             : 0
  Skipped             : 1
  Duplicates          : 0
  Errors              : 0
  Integrity           : PASS
  Dashboard KPI       : PASS
  Proposal Links      : PASS
  Project Links       : PASS
--------------------------------------------------
[2026-08-02T02:22:52.410788] MODE: ACTUAL
  Customers Found     : 0
  Pipeline Deals Found: 0
  Migrated            : 0
  Created             : 0
  Skipped             : 0
  Duplicates          : 0
  Errors              : 0
  Integrity           : PASS
  Dashboard KPI       : PASS
  Proposal Links      : PASS
  Project Links       : PASS
--------------------------------------------------
[2026-08-02T02:22:52.440075] MODE: ACTUAL
  Customers Found     : 1
  Pipeline Deals Found: 0
  Migrated            : 0
  Created             : 1
  Skipped             : 0
  Duplicates          : 0
  Errors              : 0
  Integrity           : PASS
  Dashboard KPI       : PASS
  Proposal Links      : PASS
  Project Links       : PASS
--------------------------------------------------
[2026-08-02T02:22:52.849319] MODE: ACTUAL
  Customers Found     : 0
  Pipeline Deals Found: 0
  Migrated            : 0
  Created             : 0
  Skipped             : 0
  Duplicates          : 0
  Errors              : 0
  Integrity           : PASS
  Dashboard KPI       : PASS
  Proposal Links      : PASS
  Project Links       : PASS
--------------------------------------------------
[2026-08-02T02:22:52.883148] MODE: ACTUAL
  Customers Found     : 1
  Pipeline Deals Found: 0
  Migrated            : 0
  Created             : 1
  Skipped             : 0
  Duplicates          : 0
  Errors              : 0
  Integrity           : PASS
  Dashboard KPI       : PASS
  Proposal Links      : PASS
  Project Links       : PASS
--------------------------------------------------
[2026-08-02T02:22:53.297433] MODE: ACTUAL
  Customers Found     : 0
  Pipeline Deals Found: 0
  Migrated            : 0
  Created             : 0
  Skipped             : 0
  Duplicates          : 0
  Errors              : 0
  Integrity           : PASS
  Dashboard KPI       : PASS
  Proposal Links      : PASS
  Project Links       : PASS
--------------------------------------------------
[2026-08-02T02:22:53.319668] MODE: ACTUAL
  Customers Found     : 1
  Pipeline Deals Found: 0
  Migrated            : 0
  Created             : 1
  Skipped             : 0
  Duplicates          : 0
  Errors              : 0
  Integrity           : PASS
  Dashboard KPI       : PASS
  Proposal Links      : PASS
  Project Links       : PASS
--------------------------------------------------
[2026-08-02T02:22:53.342624] MODE: ACTUAL
  Customers Found     : 1
  Pipeline Deals Found: 0
  Migrated            : 0
  Created             : 0
  Skipped             : 0
  Duplicates          : 0
  Errors              : 0
  Integrity           : PASS
  Dashboard KPI       : PASS
  Proposal Links      : PASS
  Project Links       : PASS
--------------------------------------------------
[2026-08-02T02:22:53.739998] MODE: ACTUAL
  Customers Found     : 0
  Pipeline Deals Found: 0
  Migrated            : 0
  Created             : 0
  Skipped             : 0
  Duplicates          : 0
  Errors              : 0
  Integrity           : PASS
  Dashboard KPI       : PASS
  Proposal Links      : PASS
  Project Links       : PASS
--------------------------------------------------
[2026-08-02T02:23:32.778466] MODE: ACTUAL
  Customers Found     : 0
  Pipeline Deals Found: 0
  Migrated            : 0
  Created             : 0
  Skipped             : 0
  Duplicates          : 0
  Errors              : 0
  Integrity           : PASS
  Dashboard KPI       : PASS
  Proposal Links      : PASS
  Project Links       : PASS
--------------------------------------------------
[2026-08-02T02:23:32.803371] MODE: ACTUAL
  Customers Found     : 1
  Pipeline Deals Found: 0
  Migrated            : 0
  Created             : 1
  Skipped             : 0
  Duplicates          : 0
  Errors              : 0
  Integrity           : PASS
  Dashboard KPI       : PASS
  Proposal Links      : PASS
  Project Links       : PASS
--------------------------------------------------
[2026-08-02T02:23:33.213589] MODE: ACTUAL
  Customers Found     : 0
  Pipeline Deals Found: 0
  Migrated            : 0
  Created             : 0
  Skipped             : 0
  Duplicates          : 0
  Errors              : 0
  Integrity           : PASS
  Dashboard KPI       : PASS
  Proposal Links      : PASS
  Project Links       : PASS
--------------------------------------------------
[2026-08-02T02:23:33.245196] MODE: ACTUAL
  Customers Found     : 1
  Pipeline Deals Found: 0
  Migrated            : 0
  Created             : 1
  Skipped             : 0
  Duplicates          : 0
  Errors              : 0
  Integrity           : PASS
  Dashboard KPI       : PASS
  Proposal Links      : PASS
  Project Links       : PASS
--------------------------------------------------
[2026-08-02T02:23:33.655743] MODE: ACTUAL
  Customers Found     : 0
  Pipeline Deals Found: 0
  Migrated            : 0
  Created             : 0
  Skipped             : 0
  Duplicates          : 0
  Errors              : 0
  Integrity           : PASS
  Dashboard KPI       : PASS
  Proposal Links      : PASS
  Project Links       : PASS
--------------------------------------------------
[2026-08-02T02:23:33.688872] MODE: ACTUAL
  Customers Found     : 1
  Pipeline Deals Found: 0
  Migrated            : 0
  Created             : 0
  Skipped             : 1
  Duplicates          : 0
  Errors              : 0
  Integrity           : PASS
  Dashboard KPI       : PASS
  Proposal Links      : PASS
  Project Links       : PASS
--------------------------------------------------
[2026-08-02T02:23:34.086130] MODE: ACTUAL
  Customers Found     : 0
  Pipeline Deals Found: 0
  Migrated            : 0
  Created             : 0
  Skipped             : 0
  Duplicates          : 0
  Errors              : 0
  Integrity           : PASS
  Dashboard KPI       : PASS
  Proposal Links      : PASS
  Project Links       : PASS
--------------------------------------------------
[2026-08-02T02:23:34.113098] MODE: ACTUAL
  Customers Found     : 1
  Pipeline Deals Found: 0
  Migrated            : 0
  Created             : 1
  Skipped             : 0
  Duplicates          : 0
  Errors              : 0
  Integrity           : PASS
  Dashboard KPI       : PASS
  Proposal Links      : PASS
  Project Links       : PASS
--------------------------------------------------
[2026-08-02T02:23:34.527073] MODE: ACTUAL
  Customers Found     : 0
  Pipeline Deals Found: 0
  Migrated            : 0
  Created             : 0
  Skipped             : 0
  Duplicates          : 0
  Errors              : 0
  Integrity           : PASS
  Dashboard KPI       : PASS
  Proposal Links      : PASS
  Project Links       : PASS
--------------------------------------------------
[2026-08-02T02:23:34.559398] MODE: ACTUAL
  Customers Found     : 1
  Pipeline Deals Found: 0
  Migrated            : 0
  Created             : 1
  Skipped             : 0
  Duplicates          : 0
  Errors              : 0
  Integrity           : PASS
  Dashboard KPI       : PASS
  Proposal Links      : PASS
  Project Links       : PASS
--------------------------------------------------
[2026-08-02T02:23:34.964629] MODE: ACTUAL
  Customers Found     : 0
  Pipeline Deals Found: 0
  Migrated            : 0
  Created             : 0
  Skipped             : 0
  Duplicates          : 0
  Errors              : 0
  Integrity           : PASS
  Dashboard KPI       : PASS
  Proposal Links      : PASS
  Project Links       : PASS
--------------------------------------------------
[2026-08-02T02:23:34.987657] MODE: ACTUAL
  Customers Found     : 1
  Pipeline Deals Found: 0
  Migrated            : 0
  Created             : 1
  Skipped             : 0
  Duplicates          : 0
  Errors              : 0
  Integrity           : PASS
  Dashboard KPI       : PASS
  Proposal Links      : PASS
  Project Links       : PASS
--------------------------------------------------
[2026-08-02T02:23:35.007421] MODE: ACTUAL
  Customers Found     : 1
  Pipeline Deals Found: 0
  Migrated            : 0
  Created             : 0
  Skipped             : 0
  Duplicates          : 0
  Errors              : 0
  Integrity           : PASS
  Dashboard KPI       : PASS
  Proposal Links      : PASS
  Project Links       : PASS
--------------------------------------------------
[2026-08-02T02:23:35.410901] MODE: ACTUAL
  Customers Found     : 0
  Pipeline Deals Found: 0
  Migrated            : 0
  Created             : 0
  Skipped             : 0
  Duplicates          : 0
  Errors              : 0
  Integrity           : PASS
  Dashboard KPI       : PASS
  Proposal Links      : PASS
  Project Links       : PASS
--------------------------------------------------
[2026-08-02T02:23:35.443051] MODE: ACTUAL
  Customers Found     : 1
  Pipeline Deals Found: 0
  Migrated            : 0
  Created             : 1
  Skipped             : 0
  Duplicates          : 0
  Errors              : 0
  Integrity           : PASS
  Dashboard KPI       : PASS
  Proposal Links      : PASS
  Project Links       : PASS
--------------------------------------------------
[2026-08-02T02:23:41.454659] MODE: ACTUAL
  Customers Found     : 0
  Pipeline Deals Found: 0
  Migrated            : 0
  Created             : 0
  Skipped             : 0
  Duplicates          : 0
  Errors              : 0
  Integrity           : PASS
  Dashboard KPI       : PASS
  Proposal Links      : PASS
  Project Links       : PASS
--------------------------------------------------
[2026-08-02T02:23:42.423063] MODE: ACTUAL
  Customers Found     : 1
  Pipeline Deals Found: 0
  Migrated            : 0
  Created             : 0
  Skipped             : 0
  Duplicates          : 0
  Errors              : 0
  Integrity           : PASS
  Dashboard KPI       : PASS
  Proposal Links      : PASS
  Project Links       : PASS
--------------------------------------------------
[2026-08-02T02:24:58.329309] MODE: ACTUAL
  Customers Found     : 1
  Pipeline Deals Found: 0
  Migrated            : 0
  Created             : 0
  Skipped             : 0
  Duplicates          : 0
  Errors              : 0
  Integrity           : PASS
  Dashboard KPI       : PASS
  Proposal Links      : PASS
  Project Links       : PASS
--------------------------------------------------
[2026-08-02T02:24:58.986074] MODE: ACTUAL
  Customers Found     : 1
  Pipeline Deals Found: 0
  Migrated            : 0
  Created             : 0
  Skipped             : 0
  Duplicates          : 0
  Errors              : 0
  Integrity           : PASS
  Dashboard KPI       : PASS
  Proposal Links      : PASS
  Project Links       : PASS
--------------------------------------------------
[2026-08-02T02:25:18.767810] MODE: ACTUAL
  Customers Found     : 1
  Pipeline Deals Found: 0
  Migrated            : 0
  Created             : 0
  Skipped             : 0
  Duplicates          : 0
  Errors              : 0
  Integrity           : PASS
  Dashboard KPI       : PASS
  Proposal Links      : PASS
  Project Links       : PASS
--------------------------------------------------
[2026-08-02T02:25:27.119733] MODE: ACTUAL
  Customers Found     : 1
  Pipeline Deals Found: 0
  Migrated            : 0
  Created             : 0
  Skipped             : 0
  Duplicates          : 0
  Errors              : 0
  Integrity           : PASS
  Dashboard KPI       : PASS
  Proposal Links      : PASS
  Project Links       : PASS
--------------------------------------------------
[2026-08-02T02:25:33.547518] MODE: ACTUAL
  Customers Found     : 1
  Pipeline Deals Found: 0
  Migrated            : 0
  Created             : 0
  Skipped             : 0
  Duplicates          : 0
  Errors              : 0
  Integrity           : PASS
  Dashboard KPI       : PASS
  Proposal Links      : PASS
  Project Links       : PASS
--------------------------------------------------
[2026-08-02T02:28:28.989516] MODE: ACTUAL
  Customers Found     : 1
  Pipeline Deals Found: 0
  Migrated            : 0
  Created             : 0
  Skipped             : 0
  Duplicates          : 0
  Errors              : 0
  Integrity           : PASS
  Dashboard KPI       : PASS
  Proposal Links      : PASS
  Project Links       : PASS
--------------------------------------------------
[2026-08-02T02:32:38.590143] MODE: ACTUAL
  Customers Found     : 2
  Pipeline Deals Found: 0
  Migrated            : 0
  Created             : 1
  Skipped             : 0
  Duplicates          : 0
  Errors              : 0
  Integrity           : PASS
  Dashboard KPI       : PASS
  Proposal Links      : PASS
  Project Links       : PASS
--------------------------------------------------
[2026-08-02T02:33:51.762280] MODE: ACTUAL
  Customers Found     : 2
  Pipeline Deals Found: 0
  Migrated            : 0
  Created             : 0
  Skipped             : 0
  Duplicates          : 0
  Errors              : 0
  Integrity           : PASS
  Dashboard KPI       : PASS
  Proposal Links      : PASS
  Project Links       : PASS
--------------------------------------------------
[2026-08-02T02:33:55.334918] MODE: ACTUAL
  Customers Found     : 2
  Pipeline Deals Found: 0
  Migrated            : 0
  Created             : 0
  Skipped             : 0
  Duplicates          : 0
  Errors              : 0
  Integrity           : PASS
  Dashboard KPI       : PASS
  Proposal Links      : PASS
  Project Links       : PASS
--------------------------------------------------
[2026-08-02T02:33:55.370689] MODE: ACTUAL
  Customers Found     : 0
  Pipeline Deals Found: 0
  Migrated            : 0
  Created             : 0
  Skipped             : 0
  Duplicates          : 0
  Errors              : 0
  Integrity           : PASS
  Dashboard KPI       : PASS
  Proposal Links      : PASS
  Project Links       : PASS
--------------------------------------------------
[2026-08-02T02:33:55.400763] MODE: ACTUAL
  Customers Found     : 1
  Pipeline Deals Found: 0
  Migrated            : 0
  Created             : 1
  Skipped             : 0
  Duplicates          : 0
  Errors              : 0
  Integrity           : PASS
  Dashboard KPI       : PASS
  Proposal Links      : PASS
  Project Links       : PASS
--------------------------------------------------
[2026-08-02T02:33:58.992793] MODE: ACTUAL
  Customers Found     : 0
  Pipeline Deals Found: 0
  Migrated            : 0
  Created             : 0
  Skipped             : 0
  Duplicates          : 0
  Errors              : 0
  Integrity           : PASS
  Dashboard KPI       : PASS
  Proposal Links      : PASS
  Project Links       : PASS
--------------------------------------------------
[2026-08-02T02:33:59.018762] MODE: ACTUAL
  Customers Found     : 1
  Pipeline Deals Found: 0
  Migrated            : 0
  Created             : 1
  Skipped             : 0
  Duplicates          : 0
  Errors              : 0
  Integrity           : PASS
  Dashboard KPI       : PASS
  Proposal Links      : PASS
  Project Links       : PASS
--------------------------------------------------
[2026-08-02T02:33:59.420550] MODE: ACTUAL
  Customers Found     : 0
  Pipeline Deals Found: 0
  Migrated            : 0
  Created             : 0
  Skipped             : 0
  Duplicates          : 0
  Errors              : 0
  Integrity           : PASS
  Dashboard KPI       : PASS
  Proposal Links      : PASS
  Project Links       : PASS
--------------------------------------------------
[2026-08-02T02:33:59.454487] MODE: ACTUAL
  Customers Found     : 1
  Pipeline Deals Found: 0
  Migrated            : 0
  Created             : 1
  Skipped             : 0
  Duplicates          : 0
  Errors              : 0
  Integrity           : PASS
  Dashboard KPI       : PASS
  Proposal Links      : PASS
  Project Links       : PASS
--------------------------------------------------
[2026-08-02T02:33:59.853260] MODE: ACTUAL
  Customers Found     : 0
  Pipeline Deals Found: 0
  Migrated            : 0
  Created             : 0
  Skipped             : 0
  Duplicates          : 0
  Errors              : 0
  Integrity           : PASS
  Dashboard KPI       : PASS
  Proposal Links      : PASS
  Project Links       : PASS
--------------------------------------------------
[2026-08-02T02:33:59.884900] MODE: ACTUAL
  Customers Found     : 1
  Pipeline Deals Found: 0
  Migrated            : 0
  Created             : 0
  Skipped             : 1
  Duplicates          : 0
  Errors              : 0
  Integrity           : PASS
  Dashboard KPI       : PASS
  Proposal Links      : PASS
  Project Links       : PASS
--------------------------------------------------
[2026-08-02T02:34:00.287796] MODE: ACTUAL
  Customers Found     : 0
  Pipeline Deals Found: 0
  Migrated            : 0
  Created             : 0
  Skipped             : 0
  Duplicates          : 0
  Errors              : 0
  Integrity           : PASS
  Dashboard KPI       : PASS
  Proposal Links      : PASS
  Project Links       : PASS
--------------------------------------------------
[2026-08-02T02:34:00.311335] MODE: ACTUAL
  Customers Found     : 1
  Pipeline Deals Found: 0
  Migrated            : 0
  Created             : 1
  Skipped             : 0
  Duplicates          : 0
  Errors              : 0
  Integrity           : PASS
  Dashboard KPI       : PASS
  Proposal Links      : PASS
  Project Links       : PASS
--------------------------------------------------
[2026-08-02T02:34:00.717169] MODE: ACTUAL
  Customers Found     : 0
  Pipeline Deals Found: 0
  Migrated            : 0
  Created             : 0
  Skipped             : 0
  Duplicates          : 0
  Errors              : 0
  Integrity           : PASS
  Dashboard KPI       : PASS
  Proposal Links      : PASS
  Project Links       : PASS
--------------------------------------------------
[2026-08-02T02:34:00.748833] MODE: ACTUAL
  Customers Found     : 1
  Pipeline Deals Found: 0
  Migrated            : 0
  Created             : 1
  Skipped             : 0
  Duplicates          : 0
  Errors              : 0
  Integrity           : PASS
  Dashboard KPI       : PASS
  Proposal Links      : PASS
  Project Links       : PASS
--------------------------------------------------
[2026-08-02T02:34:01.152452] MODE: ACTUAL
  Customers Found     : 0
  Pipeline Deals Found: 0
  Migrated            : 0
  Created             : 0
  Skipped             : 0
  Duplicates          : 0
  Errors              : 0
  Integrity           : PASS
  Dashboard KPI       : PASS
  Proposal Links      : PASS
  Project Links       : PASS
--------------------------------------------------
[2026-08-02T02:34:01.176075] MODE: ACTUAL
  Customers Found     : 1
  Pipeline Deals Found: 0
  Migrated            : 0
  Created             : 1
  Skipped             : 0
  Duplicates          : 0
  Errors              : 0
  Integrity           : PASS
  Dashboard KPI       : PASS
  Proposal Links      : PASS
  Project Links       : PASS
--------------------------------------------------
[2026-08-02T02:34:01.198788] MODE: ACTUAL
  Customers Found     : 1
  Pipeline Deals Found: 0
  Migrated            : 0
  Created             : 0
  Skipped             : 0
  Duplicates          : 0
  Errors              : 0
  Integrity           : PASS
  Dashboard KPI       : PASS
  Proposal Links      : PASS
  Project Links       : PASS
--------------------------------------------------
[2026-08-02T02:34:01.598177] MODE: ACTUAL
  Customers Found     : 0
  Pipeline Deals Found: 0
  Migrated            : 0
  Created             : 0
  Skipped             : 0
  Duplicates          : 0
  Errors              : 0
  Integrity           : PASS
  Dashboard KPI       : PASS
  Proposal Links      : PASS
  Project Links       : PASS
--------------------------------------------------
[2026-08-02T02:34:01.628860] MODE: ACTUAL
  Customers Found     : 1
  Pipeline Deals Found: 0
  Migrated            : 0
  Created             : 1
  Skipped             : 0
  Duplicates          : 0
  Errors              : 0
  Integrity           : PASS
  Dashboard KPI       : PASS
  Proposal Links      : PASS
  Project Links       : PASS
--------------------------------------------------
[2026-08-02T02:34:05.487898] MODE: ACTUAL
  Customers Found     : 2
  Pipeline Deals Found: 0
  Migrated            : 0
  Created             : 0
  Skipped             : 0
  Duplicates          : 0
  Errors              : 0
  Integrity           : PASS
  Dashboard KPI       : PASS
  Proposal Links      : PASS
  Project Links       : PASS
--------------------------------------------------
[2026-08-02T03:39:45.080463] MODE: ACTUAL
  Customers Found     : 2
  Pipeline Deals Found: 0
  Migrated            : 0
  Created             : 0
  Skipped             : 0
  Duplicates          : 0
  Errors              : 0
  Integrity           : PASS
  Dashboard KPI       : PASS
  Proposal Links      : PASS
  Project Links       : PASS
--------------------------------------------------
[2026-08-02T03:39:45.085041] MODE: ACTUAL
  Customers Found     : 2
  Pipeline Deals Found: 0
  Migrated            : 0
  Created             : 0
  Skipped             : 0
  Duplicates          : 0
  Errors              : 0
  Integrity           : PASS
  Dashboard KPI       : PASS
  Proposal Links      : PASS
  Project Links       : PASS
--------------------------------------------------
[2026-08-02T22:35:18.175745] MODE: ACTUAL
  Customers Found     : 2
  Pipeline Deals Found: 0
  Migrated            : 0
  Created             : 0
  Skipped             : 0
  Duplicates          : 0
  Errors              : 0
  Integrity           : PASS
  Dashboard KPI       : PASS
  Proposal Links      : PASS
  Project Links       : PASS
--------------------------------------------------
[2026-08-02T23:42:14.530876] MODE: ACTUAL
  Customers Found     : 2
  Pipeline Deals Found: 0
  Migrated            : 0
  Created             : 0
  Skipped             : 0
  Duplicates          : 0
  Errors              : 0
  Integrity           : PASS
  Dashboard KPI       : PASS
  Proposal Links      : PASS
  Project Links       : PASS
--------------------------------------------------
[2026-08-03T15:26:21.963050] MODE: ACTUAL
  Customers Found     : 2
  Pipeline Deals Found: 0
  Migrated            : 0
  Created             : 0
  Skipped             : 0
  Duplicates          : 0
  Errors              : 0
  Integrity           : PASS
  Dashboard KPI       : PASS
  Proposal Links      : PASS
  Project Links       : PASS
--------------------------------------------------
[2026-08-03T15:28:19.771511] MODE: ACTUAL
  Customers Found     : 2
  Pipeline Deals Found: 0
  Migrated            : 0
  Created             : 0
  Skipped             : 0
  Duplicates          : 0
  Errors              : 0
  Integrity           : PASS
  Dashboard KPI       : PASS
  Proposal Links      : PASS
  Project Links       : PASS
--------------------------------------------------
[2026-08-03T15:28:20.475710] MODE: ACTUAL
  Customers Found     : 2
  Pipeline Deals Found: 0
  Migrated            : 0
  Created             : 0
  Skipped             : 0
  Duplicates          : 0
  Errors              : 0
  Integrity           : PASS
  Dashboard KPI       : PASS
  Proposal Links      : PASS
  Project Links       : PASS
--------------------------------------------------
[2026-08-03T15:33:16.459209] MODE: ACTUAL
  Customers Found     : 2
  Pipeline Deals Found: 0
  Migrated            : 0
  Created             : 0
  Skipped             : 0
  Duplicates          : 0
  Errors              : 0
  Integrity           : PASS
  Dashboard KPI       : PASS
  Proposal Links      : PASS
  Project Links       : PASS
--------------------------------------------------
[2026-08-03T15:33:21.809956] MODE: ACTUAL
  Customers Found     : 2
  Pipeline Deals Found: 0
  Migrated            : 0
  Created             : 0
  Skipped             : 0
  Duplicates          : 0
  Errors              : 0
  Integrity           : PASS
  Dashboard KPI       : PASS
  Proposal Links      : PASS
  Project Links       : PASS
--------------------------------------------------
[2026-08-03T15:35:03.227765] MODE: ACTUAL
  Customers Found     : 2
  Pipeline Deals Found: 0
  Migrated            : 0
  Created             : 0
  Skipped             : 0
  Duplicates          : 0
  Errors              : 0
  Integrity           : PASS
  Dashboard KPI       : PASS
  Proposal Links      : PASS
  Project Links       : PASS
--------------------------------------------------
[2026-08-03T15:35:06.560786] MODE: ACTUAL
  Customers Found     : 0
  Pipeline Deals Found: 0
  Migrated            : 0
  Created             : 0
  Skipped             : 0
  Duplicates          : 0
  Errors              : 0
  Integrity           : PASS
  Dashboard KPI       : PASS
  Proposal Links      : PASS
  Project Links       : PASS
--------------------------------------------------
[2026-08-03T15:35:06.584384] MODE: ACTUAL
  Customers Found     : 1
  Pipeline Deals Found: 0
  Migrated            : 0
  Created             : 1
  Skipped             : 0
  Duplicates          : 0
  Errors              : 0
  Integrity           : PASS
  Dashboard KPI       : PASS
  Proposal Links      : PASS
  Project Links       : PASS
--------------------------------------------------
[2026-08-03T15:35:06.988880] MODE: ACTUAL
  Customers Found     : 0
  Pipeline Deals Found: 0
  Migrated            : 0
  Created             : 0
  Skipped             : 0
  Duplicates          : 0
  Errors              : 0
  Integrity           : PASS
  Dashboard KPI       : PASS
  Proposal Links      : PASS
  Project Links       : PASS
--------------------------------------------------
[2026-08-03T15:35:07.019645] MODE: ACTUAL
  Customers Found     : 1
  Pipeline Deals Found: 0
  Migrated            : 0
  Created             : 1
  Skipped             : 0
  Duplicates          : 0
  Errors              : 0
  Integrity           : PASS
  Dashboard KPI       : PASS
  Proposal Links      : PASS
  Project Links       : PASS
--------------------------------------------------
[2026-08-03T15:35:07.423615] MODE: ACTUAL
  Customers Found     : 0
  Pipeline Deals Found: 0
  Migrated            : 0
  Created             : 0
  Skipped             : 0
  Duplicates          : 0
  Errors              : 0
  Integrity           : PASS
  Dashboard KPI       : PASS
  Proposal Links      : PASS
  Project Links       : PASS
--------------------------------------------------
[2026-08-03T15:35:07.453862] MODE: ACTUAL
  Customers Found     : 1
  Pipeline Deals Found: 0
  Migrated            : 0
  Created             : 0
  Skipped             : 1
  Duplicates          : 0
  Errors              : 0
  Integrity           : PASS
  Dashboard KPI       : PASS
  Proposal Links      : PASS
  Project Links       : PASS
--------------------------------------------------
[2026-08-03T15:35:07.861521] MODE: ACTUAL
  Customers Found     : 0
  Pipeline Deals Found: 0
  Migrated            : 0
  Created             : 0
  Skipped             : 0
  Duplicates          : 0
  Errors              : 0
  Integrity           : PASS
  Dashboard KPI       : PASS
  Proposal Links      : PASS
  Project Links       : PASS
--------------------------------------------------
[2026-08-03T15:35:07.887267] MODE: ACTUAL
  Customers Found     : 1
  Pipeline Deals Found: 0
  Migrated            : 0
  Created             : 1
  Skipped             : 0
  Duplicates          : 0
  Errors              : 0
  Integrity           : PASS
  Dashboard KPI       : PASS
  Proposal Links      : PASS
  Project Links       : PASS
--------------------------------------------------
[2026-08-03T15:35:08.297302] MODE: ACTUAL
  Customers Found     : 0
  Pipeline Deals Found: 0
  Migrated            : 0
  Created             : 0
  Skipped             : 0
  Duplicates          : 0
  Errors              : 0
  Integrity           : PASS
  Dashboard KPI       : PASS
  Proposal Links      : PASS
  Project Links       : PASS
--------------------------------------------------
[2026-08-03T15:35:08.328674] MODE: ACTUAL
  Customers Found     : 1
  Pipeline Deals Found: 0
  Migrated            : 0
  Created             : 1
  Skipped             : 0
  Duplicates          : 0
  Errors              : 0
  Integrity           : PASS
  Dashboard KPI       : PASS
  Proposal Links      : PASS
  Project Links       : PASS
--------------------------------------------------
[2026-08-03T15:35:08.739515] MODE: ACTUAL
  Customers Found     : 0
  Pipeline Deals Found: 0
  Migrated            : 0
  Created             : 0
  Skipped             : 0
  Duplicates          : 0
  Errors              : 0
  Integrity           : PASS
  Dashboard KPI       : PASS
  Proposal Links      : PASS
  Project Links       : PASS
--------------------------------------------------
[2026-08-03T15:35:08.782321] MODE: ACTUAL
  Customers Found     : 1
  Pipeline Deals Found: 0
  Migrated            : 0
  Created             : 1
  Skipped             : 0
  Duplicates          : 0
  Errors              : 0
  Integrity           : PASS
  Dashboard KPI       : PASS
  Proposal Links      : PASS
  Project Links       : PASS
--------------------------------------------------
[2026-08-03T15:35:09.192969] MODE: ACTUAL
  Customers Found     : 0
  Pipeline Deals Found: 0
  Migrated            : 0
  Created             : 0
  Skipped             : 0
  Duplicates          : 0
  Errors              : 0
  Integrity           : PASS
  Dashboard KPI       : PASS
  Proposal Links      : PASS
  Project Links       : PASS
--------------------------------------------------
[2026-08-03T15:35:09.623106] MODE: ACTUAL
  Customers Found     : 0
  Pipeline Deals Found: 0
  Migrated            : 0
  Created             : 0
  Skipped             : 0
  Duplicates          : 0
  Errors              : 0
  Integrity           : PASS
  Dashboard KPI       : PASS
  Proposal Links      : PASS
  Project Links       : PASS
--------------------------------------------------
[2026-08-03T15:35:09.646176] MODE: ACTUAL
  Customers Found     : 1
  Pipeline Deals Found: 0
  Migrated            : 0
  Created             : 1
  Skipped             : 0
  Duplicates          : 0
  Errors              : 0
  Integrity           : PASS
  Dashboard KPI       : PASS
  Proposal Links      : PASS
  Project Links       : PASS
--------------------------------------------------
[2026-08-03T15:35:09.667296] MODE: ACTUAL
  Customers Found     : 1
  Pipeline Deals Found: 0
  Migrated            : 0
  Created             : 0
  Skipped             : 0
  Duplicates          : 0
  Errors              : 0
  Integrity           : PASS
  Dashboard KPI       : PASS
  Proposal Links      : PASS
  Project Links       : PASS
--------------------------------------------------
[2026-08-03T15:35:10.062693] MODE: ACTUAL
  Customers Found     : 0
  Pipeline Deals Found: 0
  Migrated            : 0
  Created             : 0
  Skipped             : 0
  Duplicates          : 0
  Errors              : 0
  Integrity           : PASS
  Dashboard KPI       : PASS
  Proposal Links      : PASS
  Project Links       : PASS
--------------------------------------------------
[2026-08-03T15:35:10.094788] MODE: ACTUAL
  Customers Found     : 1
  Pipeline Deals Found: 0
  Migrated            : 0
  Created             : 1
  Skipped             : 0
  Duplicates          : 0
  Errors              : 0
  Integrity           : PASS
  Dashboard KPI       : PASS
  Proposal Links      : PASS
  Project Links       : PASS
--------------------------------------------------
[2026-08-03T15:35:36.331454] MODE: ACTUAL
  Customers Found     : 2
  Pipeline Deals Found: 0
  Migrated            : 0
  Created             : 0
  Skipped             : 0
  Duplicates          : 0
  Errors              : 0
  Integrity           : PASS
  Dashboard KPI       : PASS
  Proposal Links      : PASS
  Project Links       : PASS
--------------------------------------------------
[2026-08-03T15:35:38.711917] MODE: ACTUAL
  Customers Found     : 0
  Pipeline Deals Found: 0
  Migrated            : 0
  Created             : 0
  Skipped             : 0
  Duplicates          : 0
  Errors              : 0
  Integrity           : PASS
  Dashboard KPI       : PASS
  Proposal Links      : PASS
  Project Links       : PASS
--------------------------------------------------
[2026-08-03T15:35:38.736481] MODE: ACTUAL
  Customers Found     : 1
  Pipeline Deals Found: 0
  Migrated            : 0
  Created             : 1
  Skipped             : 0
  Duplicates          : 0
  Errors              : 0
  Integrity           : PASS
  Dashboard KPI       : PASS
  Proposal Links      : PASS
  Project Links       : PASS
--------------------------------------------------
[2026-08-03T15:35:39.144919] MODE: ACTUAL
  Customers Found     : 0
  Pipeline Deals Found: 0
  Migrated            : 0
  Created             : 0
  Skipped             : 0
  Duplicates          : 0
  Errors              : 0
  Integrity           : PASS
  Dashboard KPI       : PASS
  Proposal Links      : PASS
  Project Links       : PASS
--------------------------------------------------
[2026-08-03T15:35:39.174733] MODE: ACTUAL
  Customers Found     : 1
  Pipeline Deals Found: 0
  Migrated            : 0
  Created             : 1
  Skipped             : 0
  Duplicates          : 0
  Errors              : 0
  Integrity           : PASS
  Dashboard KPI       : PASS
  Proposal Links      : PASS
  Project Links       : PASS
--------------------------------------------------
[2026-08-03T15:35:39.571031] MODE: ACTUAL
  Customers Found     : 0
  Pipeline Deals Found: 0
  Migrated            : 0
  Created             : 0
  Skipped             : 0
  Duplicates          : 0
  Errors              : 0
  Integrity           : PASS
  Dashboard KPI       : PASS
  Proposal Links      : PASS
  Project Links       : PASS
--------------------------------------------------
[2026-08-03T15:35:39.604154] MODE: ACTUAL
  Customers Found     : 1
  Pipeline Deals Found: 0
  Migrated            : 0
  Created             : 0
  Skipped             : 1
  Duplicates          : 0
  Errors              : 0
  Integrity           : PASS
  Dashboard KPI       : PASS
  Proposal Links      : PASS
  Project Links       : PASS
--------------------------------------------------
[2026-08-03T15:35:40.013955] MODE: ACTUAL
  Customers Found     : 0
  Pipeline Deals Found: 0
  Migrated            : 0
  Created             : 0
  Skipped             : 0
  Duplicates          : 0
  Errors              : 0
  Integrity           : PASS
  Dashboard KPI       : PASS
  Proposal Links      : PASS
  Project Links       : PASS
--------------------------------------------------
[2026-08-03T15:35:40.039055] MODE: ACTUAL
  Customers Found     : 1
  Pipeline Deals Found: 0
  Migrated            : 0
  Created             : 1
  Skipped             : 0
  Duplicates          : 0
  Errors              : 0
  Integrity           : PASS
  Dashboard KPI       : PASS
  Proposal Links      : PASS
  Project Links       : PASS
--------------------------------------------------
[2026-08-03T15:35:40.439323] MODE: ACTUAL
  Customers Found     : 0
  Pipeline Deals Found: 0
  Migrated            : 0
  Created             : 0
  Skipped             : 0
  Duplicates          : 0
  Errors              : 0
  Integrity           : PASS
  Dashboard KPI       : PASS
  Proposal Links      : PASS
  Project Links       : PASS
--------------------------------------------------
[2026-08-03T15:35:40.471026] MODE: ACTUAL
  Customers Found     : 1
  Pipeline Deals Found: 0
  Migrated            : 0
  Created             : 1
  Skipped             : 0
  Duplicates          : 0
  Errors              : 0
  Integrity           : PASS
  Dashboard KPI       : PASS
  Proposal Links      : PASS
  Project Links       : PASS
--------------------------------------------------
[2026-08-03T15:35:40.886036] MODE: ACTUAL
  Customers Found     : 0
  Pipeline Deals Found: 0
  Migrated            : 0
  Created             : 0
  Skipped             : 0
  Duplicates          : 0
  Errors              : 0
  Integrity           : PASS
  Dashboard KPI       : PASS
  Proposal Links      : PASS
  Project Links       : PASS
--------------------------------------------------
[2026-08-03T15:35:40.931266] MODE: ACTUAL
  Customers Found     : 1
  Pipeline Deals Found: 0
  Migrated            : 0
  Created             : 1
  Skipped             : 0
  Duplicates          : 0
  Errors              : 0
  Integrity           : PASS
  Dashboard KPI       : PASS
  Proposal Links      : PASS
  Project Links       : PASS
--------------------------------------------------
[2026-08-03T15:35:41.333271] MODE: ACTUAL
  Customers Found     : 0
  Pipeline Deals Found: 0
  Migrated            : 0
  Created             : 0
  Skipped             : 0
  Duplicates          : 0
  Errors              : 0
  Integrity           : PASS
  Dashboard KPI       : PASS
  Proposal Links      : PASS
  Project Links       : PASS
--------------------------------------------------
[2026-08-03T15:35:41.806133] MODE: ACTUAL
  Customers Found     : 0
  Pipeline Deals Found: 0
  Migrated            : 0
  Created             : 0
  Skipped             : 0
  Duplicates          : 0
  Errors              : 0
  Integrity           : PASS
  Dashboard KPI       : PASS
  Proposal Links      : PASS
  Project Links       : PASS
--------------------------------------------------
[2026-08-03T15:35:41.832003] MODE: ACTUAL
  Customers Found     : 1
  Pipeline Deals Found: 0
  Migrated            : 0
  Created             : 1
  Skipped             : 0
  Duplicates          : 0
  Errors              : 0
  Integrity           : PASS
  Dashboard KPI       : PASS
  Proposal Links      : PASS
  Project Links       : PASS
--------------------------------------------------
[2026-08-03T15:35:41.853367] MODE: ACTUAL
  Customers Found     : 1
  Pipeline Deals Found: 0
  Migrated            : 0
  Created             : 0
  Skipped             : 0
  Duplicates          : 0
  Errors              : 0
  Integrity           : PASS
  Dashboard KPI       : PASS
  Proposal Links      : PASS
  Project Links       : PASS
--------------------------------------------------
[2026-08-03T15:35:42.248571] MODE: ACTUAL
  Customers Found     : 0
  Pipeline Deals Found: 0
  Migrated            : 0
  Created             : 0
  Skipped             : 0
  Duplicates          : 0
  Errors              : 0
  Integrity           : PASS
  Dashboard KPI       : PASS
  Proposal Links      : PASS
  Project Links       : PASS
--------------------------------------------------
[2026-08-03T15:35:42.277880] MODE: ACTUAL
  Customers Found     : 1
  Pipeline Deals Found: 0
  Migrated            : 0
  Created             : 1
  Skipped             : 0
  Duplicates          : 0
  Errors              : 0
  Integrity           : PASS
  Dashboard KPI       : PASS
  Proposal Links      : PASS
  Project Links       : PASS
--------------------------------------------------
[2026-08-03T15:35:47.292239] MODE: ACTUAL
  Customers Found     : 2
  Pipeline Deals Found: 0
  Migrated            : 0
  Created             : 0
  Skipped             : 0
  Duplicates          : 0
  Errors              : 0
  Integrity           : PASS
  Dashboard KPI       : PASS
  Proposal Links      : PASS
  Project Links       : PASS
--------------------------------------------------
[2026-08-03T15:35:49.362131] MODE: ACTUAL
  Customers Found     : 0
  Pipeline Deals Found: 0
  Migrated            : 0
  Created             : 0
  Skipped             : 0
  Duplicates          : 0
  Errors              : 0
  Integrity           : PASS
  Dashboard KPI       : PASS
  Proposal Links      : PASS
  Project Links       : PASS
--------------------------------------------------
[2026-08-03T15:35:50.336549] MODE: ACTUAL
  Customers Found     : 1
  Pipeline Deals Found: 0
  Migrated            : 0
  Created             : 0
  Skipped             : 0
  Duplicates          : 0
  Errors              : 0
  Integrity           : PASS
  Dashboard KPI       : PASS
  Proposal Links      : PASS
  Project Links       : PASS
--------------------------------------------------
[2026-08-03T17:34:56.902036] MODE: ACTUAL
  Customers Found     : 1
  Pipeline Deals Found: 0
  Migrated            : 0
  Created             : 0
  Skipped             : 0
  Duplicates          : 0
  Errors              : 0
  Integrity           : PASS
  Dashboard KPI       : PASS
  Proposal Links      : PASS
  Project Links       : PASS
--------------------------------------------------
[2026-08-03T17:40:11.425199] MODE: ACTUAL
  Customers Found     : 1
  Pipeline Deals Found: 0
  Migrated            : 0
  Created             : 0
  Skipped             : 0
  Duplicates          : 0
  Errors              : 0
  Integrity           : PASS
  Dashboard KPI       : PASS
  Proposal Links      : PASS
  Project Links       : PASS
--------------------------------------------------
[2026-08-03T17:40:44.378145] MODE: ACTUAL
  Customers Found     : 1
  Pipeline Deals Found: 0
  Migrated            : 0
  Created             : 0
  Skipped             : 0
  Duplicates          : 0
  Errors              : 0
  Integrity           : PASS
  Dashboard KPI       : PASS
  Proposal Links      : PASS
  Project Links       : PASS
--------------------------------------------------
[2026-08-03T17:40:57.241343] MODE: ACTUAL
  Customers Found     : 1
  Pipeline Deals Found: 0
  Migrated            : 0
  Created             : 0
  Skipped             : 0
  Duplicates          : 0
  Errors              : 0
  Integrity           : PASS
  Dashboard KPI       : PASS
  Proposal Links      : PASS
  Project Links       : PASS
--------------------------------------------------
[2026-08-03T17:41:01.779012] MODE: ACTUAL
  Customers Found     : 1
  Pipeline Deals Found: 0
  Migrated            : 0
  Created             : 0
  Skipped             : 0
  Duplicates          : 0
  Errors              : 0
  Integrity           : PASS
  Dashboard KPI       : PASS
  Proposal Links      : PASS
  Project Links       : PASS
--------------------------------------------------
[2026-08-03T17:41:07.216163] MODE: ACTUAL
  Customers Found     : 1
  Pipeline Deals Found: 0
  Migrated            : 0
  Created             : 0
  Skipped             : 0
  Duplicates          : 0
  Errors              : 0
  Integrity           : PASS
  Dashboard KPI       : PASS
  Proposal Links      : PASS
  Project Links       : PASS
--------------------------------------------------
[2026-08-03T17:41:13.625285] MODE: ACTUAL
  Customers Found     : 1
  Pipeline Deals Found: 0
  Migrated            : 0
  Created             : 0
  Skipped             : 0
  Duplicates          : 0
  Errors              : 0
  Integrity           : PASS
  Dashboard KPI       : PASS
  Proposal Links      : PASS
  Project Links       : PASS
--------------------------------------------------
[2026-08-03T17:41:17.053664] MODE: ACTUAL
  Customers Found     : 0
  Pipeline Deals Found: 0
  Migrated            : 0
  Created             : 0
  Skipped             : 0
  Duplicates          : 0
  Errors              : 0
  Integrity           : PASS
  Dashboard KPI       : PASS
  Proposal Links      : PASS
  Project Links       : PASS
--------------------------------------------------
[2026-08-03T17:41:17.080551] MODE: ACTUAL
  Customers Found     : 1
  Pipeline Deals Found: 0
  Migrated            : 0
  Created             : 1
  Skipped             : 0
  Duplicates          : 0
  Errors              : 0
  Integrity           : PASS
  Dashboard KPI       : PASS
  Proposal Links      : PASS
  Project Links       : PASS
--------------------------------------------------
[2026-08-03T17:41:17.482818] MODE: ACTUAL
  Customers Found     : 0
  Pipeline Deals Found: 0
  Migrated            : 0
  Created             : 0
  Skipped             : 0
  Duplicates          : 0
  Errors              : 0
  Integrity           : PASS
  Dashboard KPI       : PASS
  Proposal Links      : PASS
  Project Links       : PASS
--------------------------------------------------
[2026-08-03T17:41:17.516169] MODE: ACTUAL
  Customers Found     : 1
  Pipeline Deals Found: 0
  Migrated            : 0
  Created             : 1
  Skipped             : 0
  Duplicates          : 0
  Errors              : 0
  Integrity           : PASS
  Dashboard KPI       : PASS
  Proposal Links      : PASS
  Project Links       : PASS
--------------------------------------------------
[2026-08-03T17:41:17.932855] MODE: ACTUAL
  Customers Found     : 0
  Pipeline Deals Found: 0
  Migrated            : 0
  Created             : 0
  Skipped             : 0
  Duplicates          : 0
  Errors              : 0
  Integrity           : PASS
  Dashboard KPI       : PASS
  Proposal Links      : PASS
  Project Links       : PASS
--------------------------------------------------
[2026-08-03T17:41:17.968426] MODE: ACTUAL
  Customers Found     : 1
  Pipeline Deals Found: 0
  Migrated            : 0
  Created             : 0
  Skipped             : 1
  Duplicates          : 0
  Errors              : 0
  Integrity           : PASS
  Dashboard KPI       : PASS
  Proposal Links      : PASS
  Project Links       : PASS
--------------------------------------------------
[2026-08-03T17:41:18.376399] MODE: ACTUAL
  Customers Found     : 0
  Pipeline Deals Found: 0
  Migrated            : 0
  Created             : 0
  Skipped             : 0
  Duplicates          : 0
  Errors              : 0
  Integrity           : PASS
  Dashboard KPI       : PASS
  Proposal Links      : PASS
  Project Links       : PASS
--------------------------------------------------
[2026-08-03T17:41:18.401922] MODE: ACTUAL
  Customers Found     : 1
  Pipeline Deals Found: 0
  Migrated            : 0
  Created             : 1
  Skipped             : 0
  Duplicates          : 0
  Errors              : 0
  Integrity           : PASS
  Dashboard KPI       : PASS
  Proposal Links      : PASS
  Project Links       : PASS
--------------------------------------------------
[2026-08-03T17:41:18.817096] MODE: ACTUAL
  Customers Found     : 0
  Pipeline Deals Found: 0
  Migrated            : 0
  Created             : 0
  Skipped             : 0
  Duplicates          : 0
  Errors              : 0
  Integrity           : PASS
  Dashboard KPI       : PASS
  Proposal Links      : PASS
  Project Links       : PASS
--------------------------------------------------
[2026-08-03T17:41:18.847585] MODE: ACTUAL
  Customers Found     : 1
  Pipeline Deals Found: 0
  Migrated            : 0
  Created             : 1
  Skipped             : 0
  Duplicates          : 0
  Errors              : 0
  Integrity           : PASS
  Dashboard KPI       : PASS
  Proposal Links      : PASS
  Project Links       : PASS
--------------------------------------------------
[2026-08-03T17:41:19.257020] MODE: ACTUAL
  Customers Found     : 0
  Pipeline Deals Found: 0
  Migrated            : 0
  Created             : 0
  Skipped             : 0
  Duplicates          : 0
  Errors              : 0
  Integrity           : PASS
  Dashboard KPI       : PASS
  Proposal Links      : PASS
  Project Links       : PASS
--------------------------------------------------
[2026-08-03T17:41:19.296576] MODE: ACTUAL
  Customers Found     : 1
  Pipeline Deals Found: 0
  Migrated            : 0
  Created             : 1
  Skipped             : 0
  Duplicates          : 0
  Errors              : 0
  Integrity           : PASS
  Dashboard KPI       : PASS
  Proposal Links      : PASS
  Project Links       : PASS
--------------------------------------------------
[2026-08-03T17:41:19.716277] MODE: ACTUAL
  Customers Found     : 0
  Pipeline Deals Found: 0
  Migrated            : 0
  Created             : 0
  Skipped             : 0
  Duplicates          : 0
  Errors              : 0
  Integrity           : PASS
  Dashboard KPI       : PASS
  Proposal Links      : PASS
  Project Links       : PASS
--------------------------------------------------
[2026-08-03T17:41:20.181364] MODE: ACTUAL
  Customers Found     : 0
  Pipeline Deals Found: 0
  Migrated            : 0
  Created             : 0
  Skipped             : 0
  Duplicates          : 0
  Errors              : 0
  Integrity           : PASS
  Dashboard KPI       : PASS
  Proposal Links      : PASS
  Project Links       : PASS
--------------------------------------------------
[2026-08-03T17:41:20.203623] MODE: ACTUAL
  Customers Found     : 1
  Pipeline Deals Found: 0
  Migrated            : 0
  Created             : 1
  Skipped             : 0
  Duplicates          : 0
  Errors              : 0
  Integrity           : PASS
  Dashboard KPI       : PASS
  Proposal Links      : PASS
  Project Links       : PASS
--------------------------------------------------
[2026-08-03T17:41:20.225497] MODE: ACTUAL
  Customers Found     : 1
  Pipeline Deals Found: 0
  Migrated            : 0
  Created             : 0
  Skipped             : 0
  Duplicates          : 0
  Errors              : 0
  Integrity           : PASS
  Dashboard KPI       : PASS
  Proposal Links      : PASS
  Project Links       : PASS
--------------------------------------------------
[2026-08-03T17:41:20.623022] MODE: ACTUAL
  Customers Found     : 0
  Pipeline Deals Found: 0
  Migrated            : 0
  Created             : 0
  Skipped             : 0
  Duplicates          : 0
  Errors              : 0
  Integrity           : PASS
  Dashboard KPI       : PASS
  Proposal Links      : PASS
  Project Links       : PASS
--------------------------------------------------
[2026-08-03T17:41:20.651131] MODE: ACTUAL
  Customers Found     : 1
  Pipeline Deals Found: 0
  Migrated            : 0
  Created             : 1
  Skipped             : 0
  Duplicates          : 0
  Errors              : 0
  Integrity           : PASS
  Dashboard KPI       : PASS
  Proposal Links      : PASS
  Project Links       : PASS
--------------------------------------------------
[2026-08-03T17:41:21.062286] MODE: ACTUAL
  Customers Found     : 0
  Pipeline Deals Found: 0
  Migrated            : 0
  Created             : 0
  Skipped             : 0
  Duplicates          : 0
  Errors              : 0
  Integrity           : PASS
  Dashboard KPI       : PASS
  Proposal Links      : PASS
  Project Links       : PASS
--------------------------------------------------
[2026-08-03T17:41:27.079629] MODE: ACTUAL
  Customers Found     : 1
  Pipeline Deals Found: 0
  Migrated            : 0
  Created             : 0
  Skipped             : 0
  Duplicates          : 0
  Errors              : 0
  Integrity           : PASS
  Dashboard KPI       : PASS
  Proposal Links      : PASS
  Project Links       : PASS
--------------------------------------------------
[2026-08-03T17:41:28.132546] MODE: ACTUAL
  Customers Found     : 1
  Pipeline Deals Found: 0
  Migrated            : 0
  Created             : 0
  Skipped             : 0
  Duplicates          : 0
  Errors              : 0
  Integrity           : PASS
  Dashboard KPI       : PASS
  Proposal Links      : PASS
  Project Links       : PASS
--------------------------------------------------
[2026-08-03T17:41:29.347205] MODE: ACTUAL
  Customers Found     : 0
  Pipeline Deals Found: 0
  Migrated            : 0
  Created             : 0
  Skipped             : 0
  Duplicates          : 0
  Errors              : 0
  Integrity           : PASS
  Dashboard KPI       : PASS
  Proposal Links      : PASS
  Project Links       : PASS
--------------------------------------------------
[2026-08-03T17:41:30.309559] MODE: ACTUAL
  Customers Found     : 1
  Pipeline Deals Found: 0
  Migrated            : 0
  Created             : 0
  Skipped             : 0
  Duplicates          : 0
  Errors              : 0
  Integrity           : PASS
  Dashboard KPI       : PASS
  Proposal Links      : PASS
  Project Links       : PASS
--------------------------------------------------
[2026-08-03T18:02:31.516181] MODE: ACTUAL
  Customers Found     : 1
  Pipeline Deals Found: 0
  Migrated            : 0
  Created             : 1
  Skipped             : 0
  Duplicates          : 0
  Errors              : 0
  Integrity           : PASS
  Dashboard KPI       : PASS
  Proposal Links      : PASS
  Project Links       : PASS
--------------------------------------------------
[2026-08-03T18:03:30.835466] MODE: ACTUAL
  Customers Found     : 0
  Pipeline Deals Found: 0
  Migrated            : 0
  Created             : 0
  Skipped             : 0
  Duplicates          : 0
  Errors              : 0
  Integrity           : PASS
  Dashboard KPI       : PASS
  Proposal Links      : PASS
  Project Links       : PASS
--------------------------------------------------
[2026-08-03T18:03:31.797415] MODE: ACTUAL
  Customers Found     : 1
  Pipeline Deals Found: 0
  Migrated            : 0
  Created             : 0
  Skipped             : 0
  Duplicates          : 0
  Errors              : 0
  Integrity           : PASS
  Dashboard KPI       : PASS
  Proposal Links      : PASS
  Project Links       : PASS
--------------------------------------------------
[2026-08-03T18:03:36.127998] MODE: ACTUAL
  Customers Found     : 0
  Pipeline Deals Found: 0
  Migrated            : 0
  Created             : 0
  Skipped             : 0
  Duplicates          : 0
  Errors              : 0
  Integrity           : PASS
  Dashboard KPI       : PASS
  Proposal Links      : PASS
  Project Links       : PASS
--------------------------------------------------
[2026-08-03T18:03:36.158815] MODE: ACTUAL
  Customers Found     : 1
  Pipeline Deals Found: 0
  Migrated            : 0
  Created             : 1
  Skipped             : 0
  Duplicates          : 0
  Errors              : 0
  Integrity           : PASS
  Dashboard KPI       : PASS
  Proposal Links      : PASS
  Project Links       : PASS
--------------------------------------------------
[2026-08-03T18:03:36.557942] MODE: ACTUAL
  Customers Found     : 0
  Pipeline Deals Found: 0
  Migrated            : 0
  Created             : 0
  Skipped             : 0
  Duplicates          : 0
  Errors              : 0
  Integrity           : PASS
  Dashboard KPI       : PASS
  Proposal Links      : PASS
  Project Links       : PASS
--------------------------------------------------
[2026-08-03T18:03:36.592632] MODE: ACTUAL
  Customers Found     : 1
  Pipeline Deals Found: 0
  Migrated            : 0
  Created             : 1
  Skipped             : 0
  Duplicates          : 0
  Errors              : 0
  Integrity           : PASS
  Dashboard KPI       : PASS
  Proposal Links      : PASS
  Project Links       : PASS
--------------------------------------------------
[2026-08-03T18:03:36.990183] MODE: ACTUAL
  Customers Found     : 0
  Pipeline Deals Found: 0
  Migrated            : 0
  Created             : 0
  Skipped             : 0
  Duplicates          : 0
  Errors              : 0
  Integrity           : PASS
  Dashboard KPI       : PASS
  Proposal Links      : PASS
  Project Links       : PASS
--------------------------------------------------
[2026-08-03T18:03:37.023138] MODE: ACTUAL
  Customers Found     : 1
  Pipeline Deals Found: 0
  Migrated            : 0
  Created             : 0
  Skipped             : 1
  Duplicates          : 0
  Errors              : 0
  Integrity           : PASS
  Dashboard KPI       : PASS
  Proposal Links      : PASS
  Project Links       : PASS
--------------------------------------------------
[2026-08-03T18:03:37.431442] MODE: ACTUAL
  Customers Found     : 0
  Pipeline Deals Found: 0
  Migrated            : 0
  Created             : 0
  Skipped             : 0
  Duplicates          : 0
  Errors              : 0
  Integrity           : PASS
  Dashboard KPI       : PASS
  Proposal Links      : PASS
  Project Links       : PASS
--------------------------------------------------
[2026-08-03T18:03:37.458118] MODE: ACTUAL
  Customers Found     : 1
  Pipeline Deals Found: 0
  Migrated            : 0
  Created             : 1
  Skipped             : 0
  Duplicates          : 0
  Errors              : 0
  Integrity           : PASS
  Dashboard KPI       : PASS
  Proposal Links      : PASS
  Project Links       : PASS
--------------------------------------------------
[2026-08-03T18:03:37.867637] MODE: ACTUAL
  Customers Found     : 0
  Pipeline Deals Found: 0
  Migrated            : 0
  Created             : 0
  Skipped             : 0
  Duplicates          : 0
  Errors              : 0
  Integrity           : PASS
  Dashboard KPI       : PASS
  Proposal Links      : PASS
  Project Links       : PASS
--------------------------------------------------
[2026-08-03T18:03:37.898894] MODE: ACTUAL
  Customers Found     : 1
  Pipeline Deals Found: 0
  Migrated            : 0
  Created             : 1
  Skipped             : 0
  Duplicates          : 0
  Errors              : 0
  Integrity           : PASS
  Dashboard KPI       : PASS
  Proposal Links      : PASS
  Project Links       : PASS
--------------------------------------------------
[2026-08-03T18:03:38.316180] MODE: ACTUAL
  Customers Found     : 0
  Pipeline Deals Found: 0
  Migrated            : 0
  Created             : 0
  Skipped             : 0
  Duplicates          : 0
  Errors              : 0
  Integrity           : PASS
  Dashboard KPI       : PASS
  Proposal Links      : PASS
  Project Links       : PASS
--------------------------------------------------
[2026-08-03T18:03:38.361452] MODE: ACTUAL
  Customers Found     : 1
  Pipeline Deals Found: 0
  Migrated            : 0
  Created             : 1
  Skipped             : 0
  Duplicates          : 0
  Errors              : 0
  Integrity           : PASS
  Dashboard KPI       : PASS
  Proposal Links      : PASS
  Project Links       : PASS
--------------------------------------------------
[2026-08-03T18:03:38.779428] MODE: ACTUAL
  Customers Found     : 0
  Pipeline Deals Found: 0
  Migrated            : 0
  Created             : 0
  Skipped             : 0
  Duplicates          : 0
  Errors              : 0
  Integrity           : PASS
  Dashboard KPI       : PASS
  Proposal Links      : PASS
  Project Links       : PASS
--------------------------------------------------
[2026-08-03T18:03:39.270724] MODE: ACTUAL
  Customers Found     : 0
  Pipeline Deals Found: 0
  Migrated            : 0
  Created             : 0
  Skipped             : 0
  Duplicates          : 0
  Errors              : 0
  Integrity           : PASS
  Dashboard KPI       : PASS
  Proposal Links      : PASS
  Project Links       : PASS
--------------------------------------------------
[2026-08-03T18:03:39.293473] MODE: ACTUAL
  Customers Found     : 1
  Pipeline Deals Found: 0
  Migrated            : 0
  Created             : 1
  Skipped             : 0
  Duplicates          : 0
  Errors              : 0
  Integrity           : PASS
  Dashboard KPI       : PASS
  Proposal Links      : PASS
  Project Links       : PASS
--------------------------------------------------
[2026-08-03T18:03:39.314055] MODE: ACTUAL
  Customers Found     : 1
  Pipeline Deals Found: 0
  Migrated            : 0
  Created             : 0
  Skipped             : 0
  Duplicates          : 0
  Errors              : 0
  Integrity           : PASS
  Dashboard KPI       : PASS
  Proposal Links      : PASS
  Project Links       : PASS
--------------------------------------------------
[2026-08-03T18:03:39.725719] MODE: ACTUAL
  Customers Found     : 0
  Pipeline Deals Found: 0
  Migrated            : 0
  Created             : 0
  Skipped             : 0
  Duplicates          : 0
  Errors              : 0
  Integrity           : PASS
  Dashboard KPI       : PASS
  Proposal Links      : PASS
  Project Links       : PASS
--------------------------------------------------
[2026-08-03T18:03:39.762119] MODE: ACTUAL
  Customers Found     : 1
  Pipeline Deals Found: 0
  Migrated            : 0
  Created             : 1
  Skipped             : 0
  Duplicates          : 0
  Errors              : 0
  Integrity           : PASS
  Dashboard KPI       : PASS
  Proposal Links      : PASS
  Project Links       : PASS
--------------------------------------------------
[2026-08-03T18:03:40.181400] MODE: ACTUAL
  Customers Found     : 0
  Pipeline Deals Found: 0
  Migrated            : 0
  Created             : 0
  Skipped             : 0
  Duplicates          : 0
  Errors              : 0
  Integrity           : PASS
  Dashboard KPI       : PASS
  Proposal Links      : PASS
  Project Links       : PASS
--------------------------------------------------
[2026-08-03T18:08:43.226922] MODE: ACTUAL
  Customers Found     : 0
  Pipeline Deals Found: 0
  Migrated            : 0
  Created             : 0
  Skipped             : 0
  Duplicates          : 0
  Errors              : 0
  Integrity           : PASS
  Dashboard KPI       : PASS
  Proposal Links      : PASS
  Project Links       : PASS
--------------------------------------------------
[2026-08-03T18:08:44.164222] MODE: ACTUAL
  Customers Found     : 1
  Pipeline Deals Found: 0
  Migrated            : 0
  Created             : 0
  Skipped             : 0
  Duplicates          : 0
  Errors              : 0
  Integrity           : PASS
  Dashboard KPI       : PASS
  Proposal Links      : PASS
  Project Links       : PASS
--------------------------------------------------
[2026-08-03T18:08:50.938364] MODE: ACTUAL
  Customers Found     : 0
  Pipeline Deals Found: 0
  Migrated            : 0
  Created             : 0
  Skipped             : 0
  Duplicates          : 0
  Errors              : 0
  Integrity           : PASS
  Dashboard KPI       : PASS
  Proposal Links      : PASS
  Project Links       : PASS
--------------------------------------------------
[2026-08-03T18:08:50.963797] MODE: ACTUAL
  Customers Found     : 1
  Pipeline Deals Found: 0
  Migrated            : 0
  Created             : 1
  Skipped             : 0
  Duplicates          : 0
  Errors              : 0
  Integrity           : PASS
  Dashboard KPI       : PASS
  Proposal Links      : PASS
  Project Links       : PASS
--------------------------------------------------
[2026-08-03T18:08:51.391950] MODE: ACTUAL
  Customers Found     : 0
  Pipeline Deals Found: 0
  Migrated            : 0
  Created             : 0
  Skipped             : 0
  Duplicates          : 0
  Errors              : 0
  Integrity           : PASS
  Dashboard KPI       : PASS
  Proposal Links      : PASS
  Project Links       : PASS
--------------------------------------------------
[2026-08-03T18:08:51.423490] MODE: ACTUAL
  Customers Found     : 1
  Pipeline Deals Found: 0
  Migrated            : 0
  Created             : 1
  Skipped             : 0
  Duplicates          : 0
  Errors              : 0
  Integrity           : PASS
  Dashboard KPI       : PASS
  Proposal Links      : PASS
  Project Links       : PASS
--------------------------------------------------
[2026-08-03T18:08:51.835975] MODE: ACTUAL
  Customers Found     : 0
  Pipeline Deals Found: 0
  Migrated            : 0
  Created             : 0
  Skipped             : 0
  Duplicates          : 0
  Errors              : 0
  Integrity           : PASS
  Dashboard KPI       : PASS
  Proposal Links      : PASS
  Project Links       : PASS
--------------------------------------------------
[2026-08-03T18:08:51.866407] MODE: ACTUAL
  Customers Found     : 1
  Pipeline Deals Found: 0
  Migrated            : 0
  Created             : 0
  Skipped             : 1
  Duplicates          : 0
  Errors              : 0
  Integrity           : PASS
  Dashboard KPI       : PASS
  Proposal Links      : PASS
  Project Links       : PASS
--------------------------------------------------
[2026-08-03T18:08:52.279481] MODE: ACTUAL
  Customers Found     : 0
  Pipeline Deals Found: 0
  Migrated            : 0
  Created             : 0
  Skipped             : 0
  Duplicates          : 0
  Errors              : 0
  Integrity           : PASS
  Dashboard KPI       : PASS
  Proposal Links      : PASS
  Project Links       : PASS
--------------------------------------------------
[2026-08-03T18:08:52.307759] MODE: ACTUAL
  Customers Found     : 1
  Pipeline Deals Found: 0
  Migrated            : 0
  Created             : 1
  Skipped             : 0
  Duplicates          : 0
  Errors              : 0
  Integrity           : PASS
  Dashboard KPI       : PASS
  Proposal Links      : PASS
  Project Links       : PASS
--------------------------------------------------
[2026-08-03T18:08:52.718678] MODE: ACTUAL
  Customers Found     : 0
  Pipeline Deals Found: 0
  Migrated            : 0
  Created             : 0
  Skipped             : 0
  Duplicates          : 0
  Errors              : 0
  Integrity           : PASS
  Dashboard KPI       : PASS
  Proposal Links      : PASS
  Project Links       : PASS
--------------------------------------------------
[2026-08-03T18:08:52.748491] MODE: ACTUAL
  Customers Found     : 1
  Pipeline Deals Found: 0
  Migrated            : 0
  Created             : 1
  Skipped             : 0
  Duplicates          : 0
  Errors              : 0
  Integrity           : PASS
  Dashboard KPI       : PASS
  Proposal Links      : PASS
  Project Links       : PASS
--------------------------------------------------
[2026-08-03T18:08:53.163386] MODE: ACTUAL
  Customers Found     : 0
  Pipeline Deals Found: 0
  Migrated            : 0
  Created             : 0
  Skipped             : 0
  Duplicates          : 0
  Errors              : 0
  Integrity           : PASS
  Dashboard KPI       : PASS
  Proposal Links      : PASS
  Project Links       : PASS
--------------------------------------------------
[2026-08-03T18:08:53.204007] MODE: ACTUAL
  Customers Found     : 1
  Pipeline Deals Found: 0
  Migrated            : 0
  Created             : 1
  Skipped             : 0
  Duplicates          : 0
  Errors              : 0
  Integrity           : PASS
  Dashboard KPI       : PASS
  Proposal Links      : PASS
  Project Links       : PASS
--------------------------------------------------
[2026-08-03T18:08:53.621248] MODE: ACTUAL
  Customers Found     : 0
  Pipeline Deals Found: 0
  Migrated            : 0
  Created             : 0
  Skipped             : 0
  Duplicates          : 0
  Errors              : 0
  Integrity           : PASS
  Dashboard KPI       : PASS
  Proposal Links      : PASS
  Project Links       : PASS
--------------------------------------------------
[2026-08-03T18:08:54.096055] MODE: ACTUAL
  Customers Found     : 0
  Pipeline Deals Found: 0
  Migrated            : 0
  Created             : 0
  Skipped             : 0
  Duplicates          : 0
  Errors              : 0
  Integrity           : PASS
  Dashboard KPI       : PASS
  Proposal Links      : PASS
  Project Links       : PASS
--------------------------------------------------
[2026-08-03T18:08:54.121388] MODE: ACTUAL
  Customers Found     : 1
  Pipeline Deals Found: 0
  Migrated            : 0
  Created             : 1
  Skipped             : 0
  Duplicates          : 0
  Errors              : 0
  Integrity           : PASS
  Dashboard KPI       : PASS
  Proposal Links      : PASS
  Project Links       : PASS
--------------------------------------------------
[2026-08-03T18:08:54.141482] MODE: ACTUAL
  Customers Found     : 1
  Pipeline Deals Found: 0
  Migrated            : 0
  Created             : 0
  Skipped             : 0
  Duplicates          : 0
  Errors              : 0
  Integrity           : PASS
  Dashboard KPI       : PASS
  Proposal Links      : PASS
  Project Links       : PASS
--------------------------------------------------
[2026-08-03T18:08:54.544810] MODE: ACTUAL
  Customers Found     : 0
  Pipeline Deals Found: 0
  Migrated            : 0
  Created             : 0
  Skipped             : 0
  Duplicates          : 0
  Errors              : 0
  Integrity           : PASS
  Dashboard KPI       : PASS
  Proposal Links      : PASS
  Project Links       : PASS
--------------------------------------------------
[2026-08-03T18:08:54.573038] MODE: ACTUAL
  Customers Found     : 1
  Pipeline Deals Found: 0
  Migrated            : 0
  Created             : 1
  Skipped             : 0
  Duplicates          : 0
  Errors              : 0
  Integrity           : PASS
  Dashboard KPI       : PASS
  Proposal Links      : PASS
  Project Links       : PASS
--------------------------------------------------
[2026-08-03T18:08:54.976368] MODE: ACTUAL
  Customers Found     : 0
  Pipeline Deals Found: 0
  Migrated            : 0
  Created             : 0
  Skipped             : 0
  Duplicates          : 0
  Errors              : 0
  Integrity           : PASS
  Dashboard KPI       : PASS
  Proposal Links      : PASS
  Project Links       : PASS
--------------------------------------------------
[2026-08-03T21:08:44.684364] MODE: ACTUAL
  Customers Found     : 1
  Pipeline Deals Found: 0
  Migrated            : 0
  Created             : 0
  Skipped             : 0
  Duplicates          : 0
  Errors              : 0
  Integrity           : PASS
  Dashboard KPI       : PASS
  Proposal Links      : PASS
  Project Links       : PASS
--------------------------------------------------
[2026-08-03T21:08:45.392974] MODE: ACTUAL
  Customers Found     : 1
  Pipeline Deals Found: 0
  Migrated            : 0
  Created             : 0
  Skipped             : 0
  Duplicates          : 0
  Errors              : 0
  Integrity           : PASS
  Dashboard KPI       : PASS
  Proposal Links      : PASS
  Project Links       : PASS
--------------------------------------------------
[2026-08-03T21:09:04.577437] MODE: ACTUAL
  Customers Found     : 1
  Pipeline Deals Found: 0
  Migrated            : 0
  Created             : 0
  Skipped             : 0
  Duplicates          : 0
  Errors              : 0
  Integrity           : PASS
  Dashboard KPI       : PASS
  Proposal Links      : PASS
  Project Links       : PASS
--------------------------------------------------
[2026-08-03T21:09:05.606420] MODE: ACTUAL
  Customers Found     : 1
  Pipeline Deals Found: 0
  Migrated            : 0
  Created             : 0
  Skipped             : 0
  Duplicates          : 0
  Errors              : 0
  Integrity           : PASS
  Dashboard KPI       : PASS
  Proposal Links      : PASS
  Project Links       : PASS
--------------------------------------------------
[2026-08-03T21:09:06.751383] MODE: ACTUAL
  Customers Found     : 0
  Pipeline Deals Found: 0
  Migrated            : 0
  Created             : 0
  Skipped             : 0
  Duplicates          : 0
  Errors              : 0
  Integrity           : PASS
  Dashboard KPI       : PASS
  Proposal Links      : PASS
  Project Links       : PASS
--------------------------------------------------
[2026-08-03T21:09:07.704663] MODE: ACTUAL
  Customers Found     : 1
  Pipeline Deals Found: 0
  Migrated            : 0
  Created             : 0
  Skipped             : 0
  Duplicates          : 0
  Errors              : 0
  Integrity           : PASS
  Dashboard KPI       : PASS
  Proposal Links      : PASS
  Project Links       : PASS
--------------------------------------------------
[2026-08-03T21:09:14.739452] MODE: ACTUAL
  Customers Found     : 1
  Pipeline Deals Found: 0
  Migrated            : 0
  Created             : 0
  Skipped             : 0
  Duplicates          : 0
  Errors              : 0
  Integrity           : PASS
  Dashboard KPI       : PASS
  Proposal Links      : PASS
  Project Links       : PASS
--------------------------------------------------
[2026-08-03T21:09:14.757864] MODE: ACTUAL
  Customers Found     : 0
  Pipeline Deals Found: 0
  Migrated            : 0
  Created             : 0
  Skipped             : 0
  Duplicates          : 0
  Errors              : 0
  Integrity           : PASS
  Dashboard KPI       : PASS
  Proposal Links      : PASS
  Project Links       : PASS
--------------------------------------------------
[2026-08-03T21:09:14.782502] MODE: ACTUAL
  Customers Found     : 1
  Pipeline Deals Found: 0
  Migrated            : 0
  Created             : 1
  Skipped             : 0
  Duplicates          : 0
  Errors              : 0
  Integrity           : PASS
  Dashboard KPI       : PASS
  Proposal Links      : PASS
  Project Links       : PASS
--------------------------------------------------
[2026-08-03T21:09:15.183507] MODE: ACTUAL
  Customers Found     : 0
  Pipeline Deals Found: 0
  Migrated            : 0
  Created             : 0
  Skipped             : 0
  Duplicates          : 0
  Errors              : 0
  Integrity           : PASS
  Dashboard KPI       : PASS
  Proposal Links      : PASS
  Project Links       : PASS
--------------------------------------------------
[2026-08-03T21:09:15.213383] MODE: ACTUAL
  Customers Found     : 1
  Pipeline Deals Found: 0
  Migrated            : 0
  Created             : 1
  Skipped             : 0
  Duplicates          : 0
  Errors              : 0
  Integrity           : PASS
  Dashboard KPI       : PASS
  Proposal Links      : PASS
  Project Links       : PASS
--------------------------------------------------
[2026-08-03T21:09:15.609695] MODE: ACTUAL
  Customers Found     : 0
  Pipeline Deals Found: 0
  Migrated            : 0
  Created             : 0
  Skipped             : 0
  Duplicates          : 0
  Errors              : 0
  Integrity           : PASS
  Dashboard KPI       : PASS
  Proposal Links      : PASS
  Project Links       : PASS
--------------------------------------------------
[2026-08-03T21:09:15.640554] MODE: ACTUAL
  Customers Found     : 1
  Pipeline Deals Found: 0
  Migrated            : 0
  Created             : 0
  Skipped             : 1
  Duplicates          : 0
  Errors              : 0
  Integrity           : PASS
  Dashboard KPI       : PASS
  Proposal Links      : PASS
  Project Links       : PASS
--------------------------------------------------
[2026-08-03T21:09:16.041337] MODE: ACTUAL
  Customers Found     : 0
  Pipeline Deals Found: 0
  Migrated            : 0
  Created             : 0
  Skipped             : 0
  Duplicates          : 0
  Errors              : 0
  Integrity           : PASS
  Dashboard KPI       : PASS
  Proposal Links      : PASS
  Project Links       : PASS
--------------------------------------------------
[2026-08-03T21:09:16.069618] MODE: ACTUAL
  Customers Found     : 1
  Pipeline Deals Found: 0
  Migrated            : 0
  Created             : 1
  Skipped             : 0
  Duplicates          : 0
  Errors              : 0
  Integrity           : PASS
  Dashboard KPI       : PASS
  Proposal Links      : PASS
  Project Links       : PASS
--------------------------------------------------
[2026-08-03T21:09:16.479645] MODE: ACTUAL
  Customers Found     : 0
  Pipeline Deals Found: 0
  Migrated            : 0
  Created             : 0
  Skipped             : 0
  Duplicates          : 0
  Errors              : 0
  Integrity           : PASS
  Dashboard KPI       : PASS
  Proposal Links      : PASS
  Project Links       : PASS
--------------------------------------------------
[2026-08-03T21:09:16.509572] MODE: ACTUAL
  Customers Found     : 1
  Pipeline Deals Found: 0
  Migrated            : 0
  Created             : 1
  Skipped             : 0
  Duplicates          : 0
  Errors              : 0
  Integrity           : PASS
  Dashboard KPI       : PASS
  Proposal Links      : PASS
  Project Links       : PASS
--------------------------------------------------
[2026-08-03T21:09:16.926060] MODE: ACTUAL
  Customers Found     : 0
  Pipeline Deals Found: 0
  Migrated            : 0
  Created             : 0
  Skipped             : 0
  Duplicates          : 0
  Errors              : 0
  Integrity           : PASS
  Dashboard KPI       : PASS
  Proposal Links      : PASS
  Project Links       : PASS
--------------------------------------------------
[2026-08-03T21:09:16.966905] MODE: ACTUAL
  Customers Found     : 1
  Pipeline Deals Found: 0
  Migrated            : 0
  Created             : 1
  Skipped             : 0
  Duplicates          : 0
  Errors              : 0
  Integrity           : PASS
  Dashboard KPI       : PASS
  Proposal Links      : PASS
  Project Links       : PASS
--------------------------------------------------
[2026-08-03T21:09:17.371082] MODE: ACTUAL
  Customers Found     : 0
  Pipeline Deals Found: 0
  Migrated            : 0
  Created             : 0
  Skipped             : 0
  Duplicates          : 0
  Errors              : 0
  Integrity           : PASS
  Dashboard KPI       : PASS
  Proposal Links      : PASS
  Project Links       : PASS
--------------------------------------------------
[2026-08-03T21:09:17.845921] MODE: ACTUAL
  Customers Found     : 0
  Pipeline Deals Found: 0
  Migrated            : 0
  Created             : 0
  Skipped             : 0
  Duplicates          : 0
  Errors              : 0
  Integrity           : PASS
  Dashboard KPI       : PASS
  Proposal Links      : PASS
  Project Links       : PASS
--------------------------------------------------
[2026-08-03T21:09:17.868647] MODE: ACTUAL
  Customers Found     : 1
  Pipeline Deals Found: 0
  Migrated            : 0
  Created             : 1
  Skipped             : 0
  Duplicates          : 0
  Errors              : 0
  Integrity           : PASS
  Dashboard KPI       : PASS
  Proposal Links      : PASS
  Project Links       : PASS
--------------------------------------------------
[2026-08-03T21:09:17.890741] MODE: ACTUAL
  Customers Found     : 1
  Pipeline Deals Found: 0
  Migrated            : 0
  Created             : 0
  Skipped             : 0
  Duplicates          : 0
  Errors              : 0
  Integrity           : PASS
  Dashboard KPI       : PASS
  Proposal Links      : PASS
  Project Links       : PASS
--------------------------------------------------
[2026-08-03T21:09:18.295522] MODE: ACTUAL
  Customers Found     : 0
  Pipeline Deals Found: 0
  Migrated            : 0
  Created             : 0
  Skipped             : 0
  Duplicates          : 0
  Errors              : 0
  Integrity           : PASS
  Dashboard KPI       : PASS
  Proposal Links      : PASS
  Project Links       : PASS
--------------------------------------------------
[2026-08-03T21:09:18.330120] MODE: ACTUAL
  Customers Found     : 1
  Pipeline Deals Found: 0
  Migrated            : 0
  Created             : 1
  Skipped             : 0
  Duplicates          : 0
  Errors              : 0
  Integrity           : PASS
  Dashboard KPI       : PASS
  Proposal Links      : PASS
  Project Links       : PASS
--------------------------------------------------
[2026-08-03T21:09:18.743489] MODE: ACTUAL
  Customers Found     : 0
  Pipeline Deals Found: 0
  Migrated            : 0
  Created             : 0
  Skipped             : 0
  Duplicates          : 0
  Errors              : 0
  Integrity           : PASS
  Dashboard KPI       : PASS
  Proposal Links      : PASS
  Project Links       : PASS
--------------------------------------------------
[2026-08-03T21:17:51.605725] MODE: ACTUAL
  Customers Found     : 1
  Pipeline Deals Found: 0
  Migrated            : 0
  Created             : 0
  Skipped             : 0
  Duplicates          : 0
  Errors              : 0
  Integrity           : PASS
  Dashboard KPI       : PASS
  Proposal Links      : PASS
  Project Links       : PASS
--------------------------------------------------
[2026-08-03T21:17:57.845559] MODE: ACTUAL
  Customers Found     : 1
  Pipeline Deals Found: 0
  Migrated            : 0
  Created             : 0
  Skipped             : 0
  Duplicates          : 0
  Errors              : 0
  Integrity           : PASS
  Dashboard KPI       : PASS
  Proposal Links      : PASS
  Project Links       : PASS
--------------------------------------------------
[2026-08-03T21:18:29.606932] MODE: ACTUAL
  Customers Found     : 0
  Pipeline Deals Found: 0
  Migrated            : 0
  Created             : 0
  Skipped             : 0
  Duplicates          : 0
  Errors              : 0
  Integrity           : PASS
  Dashboard KPI       : PASS
  Proposal Links      : PASS
  Project Links       : PASS
--------------------------------------------------
[2026-08-03T21:18:30.582857] MODE: ACTUAL
  Customers Found     : 1
  Pipeline Deals Found: 0
  Migrated            : 0
  Created             : 0
  Skipped             : 0
  Duplicates          : 0
  Errors              : 0
  Integrity           : PASS
  Dashboard KPI       : PASS
  Proposal Links      : PASS
  Project Links       : PASS
--------------------------------------------------
[2026-08-03T21:18:37.419003] MODE: ACTUAL
  Customers Found     : 0
  Pipeline Deals Found: 0
  Migrated            : 0
  Created             : 0
  Skipped             : 0
  Duplicates          : 0
  Errors              : 0
  Integrity           : PASS
  Dashboard KPI       : PASS
  Proposal Links      : PASS
  Project Links       : PASS
--------------------------------------------------
[2026-08-03T21:18:37.443256] MODE: ACTUAL
  Customers Found     : 1
  Pipeline Deals Found: 0
  Migrated            : 0
  Created             : 1
  Skipped             : 0
  Duplicates          : 0
  Errors              : 0
  Integrity           : PASS
  Dashboard KPI       : PASS
  Proposal Links      : PASS
  Project Links       : PASS
--------------------------------------------------
[2026-08-03T21:18:37.841959] MODE: ACTUAL
  Customers Found     : 0
  Pipeline Deals Found: 0
  Migrated            : 0
  Created             : 0
  Skipped             : 0
  Duplicates          : 0
  Errors              : 0
  Integrity           : PASS
  Dashboard KPI       : PASS
  Proposal Links      : PASS
  Project Links       : PASS
--------------------------------------------------
[2026-08-03T21:18:37.872291] MODE: ACTUAL
  Customers Found     : 1
  Pipeline Deals Found: 0
  Migrated            : 0
  Created             : 1
  Skipped             : 0
  Duplicates          : 0
  Errors              : 0
  Integrity           : PASS
  Dashboard KPI       : PASS
  Proposal Links      : PASS
  Project Links       : PASS
--------------------------------------------------
[2026-08-03T21:18:38.277917] MODE: ACTUAL
  Customers Found     : 0
  Pipeline Deals Found: 0
  Migrated            : 0
  Created             : 0
  Skipped             : 0
  Duplicates          : 0
  Errors              : 0
  Integrity           : PASS
  Dashboard KPI       : PASS
  Proposal Links      : PASS
  Project Links       : PASS
--------------------------------------------------
[2026-08-03T21:18:38.307816] MODE: ACTUAL
  Customers Found     : 1
  Pipeline Deals Found: 0
  Migrated            : 0
  Created             : 0
  Skipped             : 1
  Duplicates          : 0
  Errors              : 0
  Integrity           : PASS
  Dashboard KPI       : PASS
  Proposal Links      : PASS
  Project Links       : PASS
--------------------------------------------------
[2026-08-03T21:18:38.721278] MODE: ACTUAL
  Customers Found     : 0
  Pipeline Deals Found: 0
  Migrated            : 0
  Created             : 0
  Skipped             : 0
  Duplicates          : 0
  Errors              : 0
  Integrity           : PASS
  Dashboard KPI       : PASS
  Proposal Links      : PASS
  Project Links       : PASS
--------------------------------------------------
[2026-08-03T21:18:38.748884] MODE: ACTUAL
  Customers Found     : 1
  Pipeline Deals Found: 0
  Migrated            : 0
  Created             : 1
  Skipped             : 0
  Duplicates          : 0
  Errors              : 0
  Integrity           : PASS
  Dashboard KPI       : PASS
  Proposal Links      : PASS
  Project Links       : PASS
--------------------------------------------------
[2026-08-03T21:18:39.150675] MODE: ACTUAL
  Customers Found     : 0
  Pipeline Deals Found: 0
  Migrated            : 0
  Created             : 0
  Skipped             : 0
  Duplicates          : 0
  Errors              : 0
  Integrity           : PASS
  Dashboard KPI       : PASS
  Proposal Links      : PASS
  Project Links       : PASS
--------------------------------------------------
[2026-08-03T21:18:39.185738] MODE: ACTUAL
  Customers Found     : 1
  Pipeline Deals Found: 0
  Migrated            : 0
  Created             : 1
  Skipped             : 0
  Duplicates          : 0
  Errors              : 0
  Integrity           : PASS
  Dashboard KPI       : PASS
  Proposal Links      : PASS
  Project Links       : PASS
--------------------------------------------------
[2026-08-03T21:18:39.600073] MODE: ACTUAL
  Customers Found     : 0
  Pipeline Deals Found: 0
  Migrated            : 0
  Created             : 0
  Skipped             : 0
  Duplicates          : 0
  Errors              : 0
  Integrity           : PASS
  Dashboard KPI       : PASS
  Proposal Links      : PASS
  Project Links       : PASS
--------------------------------------------------
[2026-08-03T21:18:39.644807] MODE: ACTUAL
  Customers Found     : 1
  Pipeline Deals Found: 0
  Migrated            : 0
  Created             : 1
  Skipped             : 0
  Duplicates          : 0
  Errors              : 0
  Integrity           : PASS
  Dashboard KPI       : PASS
  Proposal Links      : PASS
  Project Links       : PASS
--------------------------------------------------
[2026-08-03T21:18:40.065955] MODE: ACTUAL
  Customers Found     : 0
  Pipeline Deals Found: 0
  Migrated            : 0
  Created             : 0
  Skipped             : 0
  Duplicates          : 0
  Errors              : 0
  Integrity           : PASS
  Dashboard KPI       : PASS
  Proposal Links      : PASS
  Project Links       : PASS
--------------------------------------------------
[2026-08-03T21:18:40.546423] MODE: ACTUAL
  Customers Found     : 0
  Pipeline Deals Found: 0
  Migrated            : 0
  Created             : 0
  Skipped             : 0
  Duplicates          : 0
  Errors              : 0
  Integrity           : PASS
  Dashboard KPI       : PASS
  Proposal Links      : PASS
  Project Links       : PASS
--------------------------------------------------
[2026-08-03T21:18:40.570626] MODE: ACTUAL
  Customers Found     : 1
  Pipeline Deals Found: 0
  Migrated            : 0
  Created             : 1
  Skipped             : 0
  Duplicates          : 0
  Errors              : 0
  Integrity           : PASS
  Dashboard KPI       : PASS
  Proposal Links      : PASS
  Project Links       : PASS
--------------------------------------------------
[2026-08-03T21:18:40.592441] MODE: ACTUAL
  Customers Found     : 1
  Pipeline Deals Found: 0
  Migrated            : 0
  Created             : 0
  Skipped             : 0
  Duplicates          : 0
  Errors              : 0
  Integrity           : PASS
  Dashboard KPI       : PASS
  Proposal Links      : PASS
  Project Links       : PASS
--------------------------------------------------
[2026-08-03T21:18:40.994337] MODE: ACTUAL
  Customers Found     : 0
  Pipeline Deals Found: 0
  Migrated            : 0
  Created             : 0
  Skipped             : 0
  Duplicates          : 0
  Errors              : 0
  Integrity           : PASS
  Dashboard KPI       : PASS
  Proposal Links      : PASS
  Project Links       : PASS
--------------------------------------------------
[2026-08-03T21:18:41.026666] MODE: ACTUAL
  Customers Found     : 1
  Pipeline Deals Found: 0
  Migrated            : 0
  Created             : 1
  Skipped             : 0
  Duplicates          : 0
  Errors              : 0
  Integrity           : PASS
  Dashboard KPI       : PASS
  Proposal Links      : PASS
  Project Links       : PASS
--------------------------------------------------
[2026-08-03T21:18:41.436135] MODE: ACTUAL
  Customers Found     : 0
  Pipeline Deals Found: 0
  Migrated            : 0
  Created             : 0
  Skipped             : 0
  Duplicates          : 0
  Errors              : 0
  Integrity           : PASS
  Dashboard KPI       : PASS
  Proposal Links      : PASS
  Project Links       : PASS
--------------------------------------------------
[2026-08-03T21:23:13.642362] MODE: ACTUAL
  Customers Found     : 0
  Pipeline Deals Found: 0
  Migrated            : 0
  Created             : 0
  Skipped             : 0
  Duplicates          : 0
  Errors              : 0
  Integrity           : PASS
  Dashboard KPI       : PASS
  Proposal Links      : PASS
  Project Links       : PASS
--------------------------------------------------
[2026-08-03T21:23:14.592333] MODE: ACTUAL
  Customers Found     : 1
  Pipeline Deals Found: 0
  Migrated            : 0
  Created             : 0
  Skipped             : 0
  Duplicates          : 0
  Errors              : 0
  Integrity           : PASS
  Dashboard KPI       : PASS
  Proposal Links      : PASS
  Project Links       : PASS
--------------------------------------------------
[2026-08-03T21:23:22.527256] MODE: ACTUAL
  Customers Found     : 0
  Pipeline Deals Found: 0
  Migrated            : 0
  Created             : 0
  Skipped             : 0
  Duplicates          : 0
  Errors              : 0
  Integrity           : PASS
  Dashboard KPI       : PASS
  Proposal Links      : PASS
  Project Links       : PASS
--------------------------------------------------
[2026-08-03T21:23:22.551053] MODE: ACTUAL
  Customers Found     : 1
  Pipeline Deals Found: 0
  Migrated            : 0
  Created             : 1
  Skipped             : 0
  Duplicates          : 0
  Errors              : 0
  Integrity           : PASS
  Dashboard KPI       : PASS
  Proposal Links      : PASS
  Project Links       : PASS
--------------------------------------------------
[2026-08-03T21:23:22.957439] MODE: ACTUAL
  Customers Found     : 0
  Pipeline Deals Found: 0
  Migrated            : 0
  Created             : 0
  Skipped             : 0
  Duplicates          : 0
  Errors              : 0
  Integrity           : PASS
  Dashboard KPI       : PASS
  Proposal Links      : PASS
  Project Links       : PASS
--------------------------------------------------
[2026-08-03T21:23:22.987932] MODE: ACTUAL
  Customers Found     : 1
  Pipeline Deals Found: 0
  Migrated            : 0
  Created             : 1
  Skipped             : 0
  Duplicates          : 0
  Errors              : 0
  Integrity           : PASS
  Dashboard KPI       : PASS
  Proposal Links      : PASS
  Project Links       : PASS
--------------------------------------------------
[2026-08-03T21:23:23.394561] MODE: ACTUAL
  Customers Found     : 0
  Pipeline Deals Found: 0
  Migrated            : 0
  Created             : 0
  Skipped             : 0
  Duplicates          : 0
  Errors              : 0
  Integrity           : PASS
  Dashboard KPI       : PASS
  Proposal Links      : PASS
  Project Links       : PASS
--------------------------------------------------
[2026-08-03T21:23:23.429527] MODE: ACTUAL
  Customers Found     : 1
  Pipeline Deals Found: 0
  Migrated            : 0
  Created             : 0
  Skipped             : 1
  Duplicates          : 0
  Errors              : 0
  Integrity           : PASS
  Dashboard KPI       : PASS
  Proposal Links      : PASS
  Project Links       : PASS
--------------------------------------------------
[2026-08-03T21:23:23.834092] MODE: ACTUAL
  Customers Found     : 0
  Pipeline Deals Found: 0
  Migrated            : 0
  Created             : 0
  Skipped             : 0
  Duplicates          : 0
  Errors              : 0
  Integrity           : PASS
  Dashboard KPI       : PASS
  Proposal Links      : PASS
  Project Links       : PASS
--------------------------------------------------
[2026-08-03T21:23:23.861814] MODE: ACTUAL
  Customers Found     : 1
  Pipeline Deals Found: 0
  Migrated            : 0
  Created             : 1
  Skipped             : 0
  Duplicates          : 0
  Errors              : 0
  Integrity           : PASS
  Dashboard KPI       : PASS
  Proposal Links      : PASS
  Project Links       : PASS
--------------------------------------------------
[2026-08-03T21:23:24.261062] MODE: ACTUAL
  Customers Found     : 0
  Pipeline Deals Found: 0
  Migrated            : 0
  Created             : 0
  Skipped             : 0
  Duplicates          : 0
  Errors              : 0
  Integrity           : PASS
  Dashboard KPI       : PASS
  Proposal Links      : PASS
  Project Links       : PASS
--------------------------------------------------
[2026-08-03T21:23:24.290586] MODE: ACTUAL
  Customers Found     : 1
  Pipeline Deals Found: 0
  Migrated            : 0
  Created             : 1
  Skipped             : 0
  Duplicates          : 0
  Errors              : 0
  Integrity           : PASS
  Dashboard KPI       : PASS
  Proposal Links      : PASS
  Project Links       : PASS
--------------------------------------------------
[2026-08-03T21:23:24.695039] MODE: ACTUAL
  Customers Found     : 0
  Pipeline Deals Found: 0
  Migrated            : 0
  Created             : 0
  Skipped             : 0
  Duplicates          : 0
  Errors              : 0
  Integrity           : PASS
  Dashboard KPI       : PASS
  Proposal Links      : PASS
  Project Links       : PASS
--------------------------------------------------
[2026-08-03T21:23:24.738031] MODE: ACTUAL
  Customers Found     : 1
  Pipeline Deals Found: 0
  Migrated            : 0
  Created             : 1
  Skipped             : 0
  Duplicates          : 0
  Errors              : 0
  Integrity           : PASS
  Dashboard KPI       : PASS
  Proposal Links      : PASS
  Project Links       : PASS
--------------------------------------------------
[2026-08-03T21:23:25.139787] MODE: ACTUAL
  Customers Found     : 0
  Pipeline Deals Found: 0
  Migrated            : 0
  Created             : 0
  Skipped             : 0
  Duplicates          : 0
  Errors              : 0
  Integrity           : PASS
  Dashboard KPI       : PASS
  Proposal Links      : PASS
  Project Links       : PASS
--------------------------------------------------
[2026-08-03T21:23:25.605214] MODE: ACTUAL
  Customers Found     : 0
  Pipeline Deals Found: 0
  Migrated            : 0
  Created             : 0
  Skipped             : 0
  Duplicates          : 0
  Errors              : 0
  Integrity           : PASS
  Dashboard KPI       : PASS
  Proposal Links      : PASS
  Project Links       : PASS
--------------------------------------------------
[2026-08-03T21:23:25.627780] MODE: ACTUAL
  Customers Found     : 1
  Pipeline Deals Found: 0
  Migrated            : 0
  Created             : 1
  Skipped             : 0
  Duplicates          : 0
  Errors              : 0
  Integrity           : PASS
  Dashboard KPI       : PASS
  Proposal Links      : PASS
  Project Links       : PASS
--------------------------------------------------
[2026-08-03T21:23:25.652533] MODE: ACTUAL
  Customers Found     : 1
  Pipeline Deals Found: 0
  Migrated            : 0
  Created             : 0
  Skipped             : 0
  Duplicates          : 0
  Errors              : 0
  Integrity           : PASS
  Dashboard KPI       : PASS
  Proposal Links      : PASS
  Project Links       : PASS
--------------------------------------------------
[2026-08-03T21:23:26.044450] MODE: ACTUAL
  Customers Found     : 0
  Pipeline Deals Found: 0
  Migrated            : 0
  Created             : 0
  Skipped             : 0
  Duplicates          : 0
  Errors              : 0
  Integrity           : PASS
  Dashboard KPI       : PASS
  Proposal Links      : PASS
  Project Links       : PASS
--------------------------------------------------
[2026-08-03T21:23:26.073599] MODE: ACTUAL
  Customers Found     : 1
  Pipeline Deals Found: 0
  Migrated            : 0
  Created             : 1
  Skipped             : 0
  Duplicates          : 0
  Errors              : 0
  Integrity           : PASS
  Dashboard KPI       : PASS
  Proposal Links      : PASS
  Project Links       : PASS
--------------------------------------------------
[2026-08-03T21:23:26.475651] MODE: ACTUAL
  Customers Found     : 0
  Pipeline Deals Found: 0
  Migrated            : 0
  Created             : 0
  Skipped             : 0
  Duplicates          : 0
  Errors              : 0
  Integrity           : PASS
  Dashboard KPI       : PASS
  Proposal Links      : PASS
  Project Links       : PASS
--------------------------------------------------
[2026-08-03T21:26:19.758215] MODE: ACTUAL
  Customers Found     : 0
  Pipeline Deals Found: 0
  Migrated            : 0
  Created             : 0
  Skipped             : 0
  Duplicates          : 0
  Errors              : 0
  Integrity           : PASS
  Dashboard KPI       : PASS
  Proposal Links      : PASS
  Project Links       : PASS
--------------------------------------------------
[2026-08-03T21:26:20.716316] MODE: ACTUAL
  Customers Found     : 1
  Pipeline Deals Found: 0
  Migrated            : 0
  Created             : 0
  Skipped             : 0
  Duplicates          : 0
  Errors              : 0
  Integrity           : PASS
  Dashboard KPI       : PASS
  Proposal Links      : PASS
  Project Links       : PASS
--------------------------------------------------
[2026-08-03T21:26:26.722066] MODE: ACTUAL
  Customers Found     : 0
  Pipeline Deals Found: 0
  Migrated            : 0
  Created             : 0
  Skipped             : 0
  Duplicates          : 0
  Errors              : 0
  Integrity           : PASS
  Dashboard KPI       : PASS
  Proposal Links      : PASS
  Project Links       : PASS
--------------------------------------------------
[2026-08-03T21:26:26.747327] MODE: ACTUAL
  Customers Found     : 1
  Pipeline Deals Found: 0
  Migrated            : 0
  Created             : 1
  Skipped             : 0
  Duplicates          : 0
  Errors              : 0
  Integrity           : PASS
  Dashboard KPI       : PASS
  Proposal Links      : PASS
  Project Links       : PASS
--------------------------------------------------
[2026-08-03T21:26:27.158099] MODE: ACTUAL
  Customers Found     : 0
  Pipeline Deals Found: 0
  Migrated            : 0
  Created             : 0
  Skipped             : 0
  Duplicates          : 0
  Errors              : 0
  Integrity           : PASS
  Dashboard KPI       : PASS
  Proposal Links      : PASS
  Project Links       : PASS
--------------------------------------------------
[2026-08-03T21:26:27.190414] MODE: ACTUAL
  Customers Found     : 1
  Pipeline Deals Found: 0
  Migrated            : 0
  Created             : 1
  Skipped             : 0
  Duplicates          : 0
  Errors              : 0
  Integrity           : PASS
  Dashboard KPI       : PASS
  Proposal Links      : PASS
  Project Links       : PASS
--------------------------------------------------
[2026-08-03T21:26:27.598410] MODE: ACTUAL
  Customers Found     : 0
  Pipeline Deals Found: 0
  Migrated            : 0
  Created             : 0
  Skipped             : 0
  Duplicates          : 0
  Errors              : 0
  Integrity           : PASS
  Dashboard KPI       : PASS
  Proposal Links      : PASS
  Project Links       : PASS
--------------------------------------------------
[2026-08-03T21:26:27.631188] MODE: ACTUAL
  Customers Found     : 1
  Pipeline Deals Found: 0
  Migrated            : 0
  Created             : 0
  Skipped             : 1
  Duplicates          : 0
  Errors              : 0
  Integrity           : PASS
  Dashboard KPI       : PASS
  Proposal Links      : PASS
  Project Links       : PASS
--------------------------------------------------
[2026-08-03T21:26:28.032812] MODE: ACTUAL
  Customers Found     : 0
  Pipeline Deals Found: 0
  Migrated            : 0
  Created             : 0
  Skipped             : 0
  Duplicates          : 0
  Errors              : 0
  Integrity           : PASS
  Dashboard KPI       : PASS
  Proposal Links      : PASS
  Project Links       : PASS
--------------------------------------------------
[2026-08-03T21:26:28.056738] MODE: ACTUAL
  Customers Found     : 1
  Pipeline Deals Found: 0
  Migrated            : 0
  Created             : 1
  Skipped             : 0
  Duplicates          : 0
  Errors              : 0
  Integrity           : PASS
  Dashboard KPI       : PASS
  Proposal Links      : PASS
  Project Links       : PASS
--------------------------------------------------
[2026-08-03T21:26:28.465061] MODE: ACTUAL
  Customers Found     : 0
  Pipeline Deals Found: 0
  Migrated            : 0
  Created             : 0
  Skipped             : 0
  Duplicates          : 0
  Errors              : 0
  Integrity           : PASS
  Dashboard KPI       : PASS
  Proposal Links      : PASS
  Project Links       : PASS
--------------------------------------------------
[2026-08-03T21:26:28.492591] MODE: ACTUAL
  Customers Found     : 1
  Pipeline Deals Found: 0
  Migrated            : 0
  Created             : 1
  Skipped             : 0
  Duplicates          : 0
  Errors              : 0
  Integrity           : PASS
  Dashboard KPI       : PASS
  Proposal Links      : PASS
  Project Links       : PASS
--------------------------------------------------
[2026-08-03T21:26:28.903094] MODE: ACTUAL
  Customers Found     : 0
  Pipeline Deals Found: 0
  Migrated            : 0
  Created             : 0
  Skipped             : 0
  Duplicates          : 0
  Errors              : 0
  Integrity           : PASS
  Dashboard KPI       : PASS
  Proposal Links      : PASS
  Project Links       : PASS
--------------------------------------------------
[2026-08-03T21:26:28.938703] MODE: ACTUAL
  Customers Found     : 1
  Pipeline Deals Found: 0
  Migrated            : 0
  Created             : 1
  Skipped             : 0
  Duplicates          : 0
  Errors              : 0
  Integrity           : PASS
  Dashboard KPI       : PASS
  Proposal Links      : PASS
  Project Links       : PASS
--------------------------------------------------
[2026-08-03T21:26:29.325991] MODE: ACTUAL
  Customers Found     : 0
  Pipeline Deals Found: 0
  Migrated            : 0
  Created             : 0
  Skipped             : 0
  Duplicates          : 0
  Errors              : 0
  Integrity           : PASS
  Dashboard KPI       : PASS
  Proposal Links      : PASS
  Project Links       : PASS
--------------------------------------------------
[2026-08-03T21:26:29.795174] MODE: ACTUAL
  Customers Found     : 0
  Pipeline Deals Found: 0
  Migrated            : 0
  Created             : 0
  Skipped             : 0
  Duplicates          : 0
  Errors              : 0
  Integrity           : PASS
  Dashboard KPI       : PASS
  Proposal Links      : PASS
  Project Links       : PASS
--------------------------------------------------
[2026-08-03T21:26:29.818199] MODE: ACTUAL
  Customers Found     : 1
  Pipeline Deals Found: 0
  Migrated            : 0
  Created             : 1
  Skipped             : 0
  Duplicates          : 0
  Errors              : 0
  Integrity           : PASS
  Dashboard KPI       : PASS
  Proposal Links      : PASS
  Project Links       : PASS
--------------------------------------------------
[2026-08-03T21:26:29.840009] MODE: ACTUAL
  Customers Found     : 1
  Pipeline Deals Found: 0
  Migrated            : 0
  Created             : 0
  Skipped             : 0
  Duplicates          : 0
  Errors              : 0
  Integrity           : PASS
  Dashboard KPI       : PASS
  Proposal Links      : PASS
  Project Links       : PASS
--------------------------------------------------
[2026-08-03T21:26:30.248796] MODE: ACTUAL
  Customers Found     : 0
  Pipeline Deals Found: 0
  Migrated            : 0
  Created             : 0
  Skipped             : 0
  Duplicates          : 0
  Errors              : 0
  Integrity           : PASS
  Dashboard KPI       : PASS
  Proposal Links      : PASS
  Project Links       : PASS
--------------------------------------------------
[2026-08-03T21:26:30.280240] MODE: ACTUAL
  Customers Found     : 1
  Pipeline Deals Found: 0
  Migrated            : 0
  Created             : 1
  Skipped             : 0
  Duplicates          : 0
  Errors              : 0
  Integrity           : PASS
  Dashboard KPI       : PASS
  Proposal Links      : PASS
  Project Links       : PASS
--------------------------------------------------
[2026-08-03T21:26:30.697707] MODE: ACTUAL
  Customers Found     : 0
  Pipeline Deals Found: 0
  Migrated            : 0
  Created             : 0
  Skipped             : 0
  Duplicates          : 0
  Errors              : 0
  Integrity           : PASS
  Dashboard KPI       : PASS
  Proposal Links      : PASS
  Project Links       : PASS
--------------------------------------------------
[2026-08-03T21:30:05.068590] MODE: ACTUAL
  Customers Found     : 1
  Pipeline Deals Found: 0
  Migrated            : 0
  Created             : 0
  Skipped             : 0
  Duplicates          : 0
  Errors              : 0
  Integrity           : PASS
  Dashboard KPI       : PASS
  Proposal Links      : PASS
  Project Links       : PASS
--------------------------------------------------
[2026-08-03T21:30:45.620380] MODE: ACTUAL
  Customers Found     : 0
  Pipeline Deals Found: 0
  Migrated            : 0
  Created             : 0
  Skipped             : 0
  Duplicates          : 0
  Errors              : 0
  Integrity           : PASS
  Dashboard KPI       : PASS
  Proposal Links      : PASS
  Project Links       : PASS
--------------------------------------------------
[2026-08-03T21:30:46.600985] MODE: ACTUAL
  Customers Found     : 1
  Pipeline Deals Found: 0
  Migrated            : 0
  Created             : 0
  Skipped             : 0
  Duplicates          : 0
  Errors              : 0
  Integrity           : PASS
  Dashboard KPI       : PASS
  Proposal Links      : PASS
  Project Links       : PASS
--------------------------------------------------
[2026-08-03T21:30:52.984021] MODE: ACTUAL
  Customers Found     : 0
  Pipeline Deals Found: 0
  Migrated            : 0
  Created             : 0
  Skipped             : 0
  Duplicates          : 0
  Errors              : 0
  Integrity           : PASS
  Dashboard KPI       : PASS
  Proposal Links      : PASS
  Project Links       : PASS
--------------------------------------------------
[2026-08-03T21:30:53.007590] MODE: ACTUAL
  Customers Found     : 1
  Pipeline Deals Found: 0
  Migrated            : 0
  Created             : 1
  Skipped             : 0
  Duplicates          : 0
  Errors              : 0
  Integrity           : PASS
  Dashboard KPI       : PASS
  Proposal Links      : PASS
  Project Links       : PASS
--------------------------------------------------
[2026-08-03T21:30:53.412462] MODE: ACTUAL
  Customers Found     : 0
  Pipeline Deals Found: 0
  Migrated            : 0
  Created             : 0
  Skipped             : 0
  Duplicates          : 0
  Errors              : 0
  Integrity           : PASS
  Dashboard KPI       : PASS
  Proposal Links      : PASS
  Project Links       : PASS
--------------------------------------------------
[2026-08-03T21:30:53.445321] MODE: ACTUAL
  Customers Found     : 1
  Pipeline Deals Found: 0
  Migrated            : 0
  Created             : 1
  Skipped             : 0
  Duplicates          : 0
  Errors              : 0
  Integrity           : PASS
  Dashboard KPI       : PASS
  Proposal Links      : PASS
  Project Links       : PASS
--------------------------------------------------
[2026-08-03T21:30:53.853892] MODE: ACTUAL
  Customers Found     : 0
  Pipeline Deals Found: 0
  Migrated            : 0
  Created             : 0
  Skipped             : 0
  Duplicates          : 0
  Errors              : 0
  Integrity           : PASS
  Dashboard KPI       : PASS
  Proposal Links      : PASS
  Project Links       : PASS
--------------------------------------------------
[2026-08-03T21:30:53.892754] MODE: ACTUAL
  Customers Found     : 1
  Pipeline Deals Found: 0
  Migrated            : 0
  Created             : 0
  Skipped             : 1
  Duplicates          : 0
  Errors              : 0
  Integrity           : PASS
  Dashboard KPI       : PASS
  Proposal Links      : PASS
  Project Links       : PASS
--------------------------------------------------
[2026-08-03T21:30:54.295040] MODE: ACTUAL
  Customers Found     : 0
  Pipeline Deals Found: 0
  Migrated            : 0
  Created             : 0
  Skipped             : 0
  Duplicates          : 0
  Errors              : 0
  Integrity           : PASS
  Dashboard KPI       : PASS
  Proposal Links      : PASS
  Project Links       : PASS
--------------------------------------------------
[2026-08-03T21:30:54.319095] MODE: ACTUAL
  Customers Found     : 1
  Pipeline Deals Found: 0
  Migrated            : 0
  Created             : 1
  Skipped             : 0
  Duplicates          : 0
  Errors              : 0
  Integrity           : PASS
  Dashboard KPI       : PASS
  Proposal Links      : PASS
  Project Links       : PASS
--------------------------------------------------
[2026-08-03T21:30:54.724279] MODE: ACTUAL
  Customers Found     : 0
  Pipeline Deals Found: 0
  Migrated            : 0
  Created             : 0
  Skipped             : 0
  Duplicates          : 0
  Errors              : 0
  Integrity           : PASS
  Dashboard KPI       : PASS
  Proposal Links      : PASS
  Project Links       : PASS
--------------------------------------------------
[2026-08-03T21:30:54.751734] MODE: ACTUAL
  Customers Found     : 1
  Pipeline Deals Found: 0
  Migrated            : 0
  Created             : 1
  Skipped             : 0
  Duplicates          : 0
  Errors              : 0
  Integrity           : PASS
  Dashboard KPI       : PASS
  Proposal Links      : PASS
  Project Links       : PASS
--------------------------------------------------
[2026-08-03T21:30:55.161959] MODE: ACTUAL
  Customers Found     : 0
  Pipeline Deals Found: 0
  Migrated            : 0
  Created             : 0
  Skipped             : 0
  Duplicates          : 0
  Errors              : 0
  Integrity           : PASS
  Dashboard KPI       : PASS
  Proposal Links      : PASS
  Project Links       : PASS
--------------------------------------------------
[2026-08-03T21:30:55.201291] MODE: ACTUAL
  Customers Found     : 1
  Pipeline Deals Found: 0
  Migrated            : 0
  Created             : 1
  Skipped             : 0
  Duplicates          : 0
  Errors              : 0
  Integrity           : PASS
  Dashboard KPI       : PASS
  Proposal Links      : PASS
  Project Links       : PASS
--------------------------------------------------
[2026-08-03T21:30:55.614739] MODE: ACTUAL
  Customers Found     : 0
  Pipeline Deals Found: 0
  Migrated            : 0
  Created             : 0
  Skipped             : 0
  Duplicates          : 0
  Errors              : 0
  Integrity           : PASS
  Dashboard KPI       : PASS
  Proposal Links      : PASS
  Project Links       : PASS
--------------------------------------------------
[2026-08-03T21:30:56.090777] MODE: ACTUAL
  Customers Found     : 0
  Pipeline Deals Found: 0
  Migrated            : 0
  Created             : 0
  Skipped             : 0
  Duplicates          : 0
  Errors              : 0
  Integrity           : PASS
  Dashboard KPI       : PASS
  Proposal Links      : PASS
  Project Links       : PASS
--------------------------------------------------
[2026-08-03T21:30:56.115507] MODE: ACTUAL
  Customers Found     : 1
  Pipeline Deals Found: 0
  Migrated            : 0
  Created             : 1
  Skipped             : 0
  Duplicates          : 0
  Errors              : 0
  Integrity           : PASS
  Dashboard KPI       : PASS
  Proposal Links      : PASS
  Project Links       : PASS
--------------------------------------------------
[2026-08-03T21:30:56.138254] MODE: ACTUAL
  Customers Found     : 1
  Pipeline Deals Found: 0
  Migrated            : 0
  Created             : 0
  Skipped             : 0
  Duplicates          : 0
  Errors              : 0
  Integrity           : PASS
  Dashboard KPI       : PASS
  Proposal Links      : PASS
  Project Links       : PASS
--------------------------------------------------
[2026-08-03T21:30:56.524146] MODE: ACTUAL
  Customers Found     : 0
  Pipeline Deals Found: 0
  Migrated            : 0
  Created             : 0
  Skipped             : 0
  Duplicates          : 0
  Errors              : 0
  Integrity           : PASS
  Dashboard KPI       : PASS
  Proposal Links      : PASS
  Project Links       : PASS
--------------------------------------------------
[2026-08-03T21:30:56.551398] MODE: ACTUAL
  Customers Found     : 1
  Pipeline Deals Found: 0
  Migrated            : 0
  Created             : 1
  Skipped             : 0
  Duplicates          : 0
  Errors              : 0
  Integrity           : PASS
  Dashboard KPI       : PASS
  Proposal Links      : PASS
  Project Links       : PASS
--------------------------------------------------
[2026-08-03T21:30:56.958393] MODE: ACTUAL
  Customers Found     : 0
  Pipeline Deals Found: 0
  Migrated            : 0
  Created             : 0
  Skipped             : 0
  Duplicates          : 0
  Errors              : 0
  Integrity           : PASS
  Dashboard KPI       : PASS
  Proposal Links      : PASS
  Project Links       : PASS
--------------------------------------------------
[2026-08-03T21:33:11.274756] MODE: ACTUAL
  Customers Found     : 0
  Pipeline Deals Found: 0
  Migrated            : 0
  Created             : 0
  Skipped             : 0
  Duplicates          : 0
  Errors              : 0
  Integrity           : PASS
  Dashboard KPI       : PASS
  Proposal Links      : PASS
  Project Links       : PASS
--------------------------------------------------
[2026-08-03T21:33:12.232083] MODE: ACTUAL
  Customers Found     : 1
  Pipeline Deals Found: 0
  Migrated            : 0
  Created             : 0
  Skipped             : 0
  Duplicates          : 0
  Errors              : 0
  Integrity           : PASS
  Dashboard KPI       : PASS
  Proposal Links      : PASS
  Project Links       : PASS
--------------------------------------------------
[2026-08-03T21:33:18.854091] MODE: ACTUAL
  Customers Found     : 0
  Pipeline Deals Found: 0
  Migrated            : 0
  Created             : 0
  Skipped             : 0
  Duplicates          : 0
  Errors              : 0
  Integrity           : PASS
  Dashboard KPI       : PASS
  Proposal Links      : PASS
  Project Links       : PASS
--------------------------------------------------
[2026-08-03T21:33:18.884211] MODE: ACTUAL
  Customers Found     : 1
  Pipeline Deals Found: 0
  Migrated            : 0
  Created             : 1
  Skipped             : 0
  Duplicates          : 0
  Errors              : 0
  Integrity           : PASS
  Dashboard KPI       : PASS
  Proposal Links      : PASS
  Project Links       : PASS
--------------------------------------------------
[2026-08-03T21:33:19.290293] MODE: ACTUAL
  Customers Found     : 0
  Pipeline Deals Found: 0
  Migrated            : 0
  Created             : 0
  Skipped             : 0
  Duplicates          : 0
  Errors              : 0
  Integrity           : PASS
  Dashboard KPI       : PASS
  Proposal Links      : PASS
  Project Links       : PASS
--------------------------------------------------
[2026-08-03T21:33:19.322890] MODE: ACTUAL
  Customers Found     : 1
  Pipeline Deals Found: 0
  Migrated            : 0
  Created             : 1
  Skipped             : 0
  Duplicates          : 0
  Errors              : 0
  Integrity           : PASS
  Dashboard KPI       : PASS
  Proposal Links      : PASS
  Project Links       : PASS
--------------------------------------------------
[2026-08-03T21:33:19.736516] MODE: ACTUAL
  Customers Found     : 0
  Pipeline Deals Found: 0
  Migrated            : 0
  Created             : 0
  Skipped             : 0
  Duplicates          : 0
  Errors              : 0
  Integrity           : PASS
  Dashboard KPI       : PASS
  Proposal Links      : PASS
  Project Links       : PASS
--------------------------------------------------
[2026-08-03T21:33:19.768365] MODE: ACTUAL
  Customers Found     : 1
  Pipeline Deals Found: 0
  Migrated            : 0
  Created             : 0
  Skipped             : 1
  Duplicates          : 0
  Errors              : 0
  Integrity           : PASS
  Dashboard KPI       : PASS
  Proposal Links      : PASS
  Project Links       : PASS
--------------------------------------------------
[2026-08-03T21:33:20.170374] MODE: ACTUAL
  Customers Found     : 0
  Pipeline Deals Found: 0
  Migrated            : 0
  Created             : 0
  Skipped             : 0
  Duplicates          : 0
  Errors              : 0
  Integrity           : PASS
  Dashboard KPI       : PASS
  Proposal Links      : PASS
  Project Links       : PASS
--------------------------------------------------
[2026-08-03T21:33:20.195712] MODE: ACTUAL
  Customers Found     : 1
  Pipeline Deals Found: 0
  Migrated            : 0
  Created             : 1
  Skipped             : 0
  Duplicates          : 0
  Errors              : 0
  Integrity           : PASS
  Dashboard KPI       : PASS
  Proposal Links      : PASS
  Project Links       : PASS
--------------------------------------------------
[2026-08-03T21:33:20.604745] MODE: ACTUAL
  Customers Found     : 0
  Pipeline Deals Found: 0
  Migrated            : 0
  Created             : 0
  Skipped             : 0
  Duplicates          : 0
  Errors              : 0
  Integrity           : PASS
  Dashboard KPI       : PASS
  Proposal Links      : PASS
  Project Links       : PASS
--------------------------------------------------
[2026-08-03T21:33:20.635548] MODE: ACTUAL
  Customers Found     : 1
  Pipeline Deals Found: 0
  Migrated            : 0
  Created             : 1
  Skipped             : 0
  Duplicates          : 0
  Errors              : 0
  Integrity           : PASS
  Dashboard KPI       : PASS
  Proposal Links      : PASS
  Project Links       : PASS
--------------------------------------------------
[2026-08-03T21:33:21.043149] MODE: ACTUAL
  Customers Found     : 0
  Pipeline Deals Found: 0
  Migrated            : 0
  Created             : 0
  Skipped             : 0
  Duplicates          : 0
  Errors              : 0
  Integrity           : PASS
  Dashboard KPI       : PASS
  Proposal Links      : PASS
  Project Links       : PASS
--------------------------------------------------
[2026-08-03T21:33:21.080294] MODE: ACTUAL
  Customers Found     : 1
  Pipeline Deals Found: 0
  Migrated            : 0
  Created             : 1
  Skipped             : 0
  Duplicates          : 0
  Errors              : 0
  Integrity           : PASS
  Dashboard KPI       : PASS
  Proposal Links      : PASS
  Project Links       : PASS
--------------------------------------------------
[2026-08-03T21:33:21.492170] MODE: ACTUAL
  Customers Found     : 0
  Pipeline Deals Found: 0
  Migrated            : 0
  Created             : 0
  Skipped             : 0
  Duplicates          : 0
  Errors              : 0
  Integrity           : PASS
  Dashboard KPI       : PASS
  Proposal Links      : PASS
  Project Links       : PASS
--------------------------------------------------
[2026-08-03T21:33:21.960972] MODE: ACTUAL
  Customers Found     : 0
  Pipeline Deals Found: 0
  Migrated            : 0
  Created             : 0
  Skipped             : 0
  Duplicates          : 0
  Errors              : 0
  Integrity           : PASS
  Dashboard KPI       : PASS
  Proposal Links      : PASS
  Project Links       : PASS
--------------------------------------------------
[2026-08-03T21:33:21.982721] MODE: ACTUAL
  Customers Found     : 1
  Pipeline Deals Found: 0
  Migrated            : 0
  Created             : 1
  Skipped             : 0
  Duplicates          : 0
  Errors              : 0
  Integrity           : PASS
  Dashboard KPI       : PASS
  Proposal Links      : PASS
  Project Links       : PASS
--------------------------------------------------
[2026-08-03T21:33:22.004079] MODE: ACTUAL
  Customers Found     : 1
  Pipeline Deals Found: 0
  Migrated            : 0
  Created             : 0
  Skipped             : 0
  Duplicates          : 0
  Errors              : 0
  Integrity           : PASS
  Dashboard KPI       : PASS
  Proposal Links      : PASS
  Project Links       : PASS
--------------------------------------------------
[2026-08-03T21:33:22.398538] MODE: ACTUAL
  Customers Found     : 0
  Pipeline Deals Found: 0
  Migrated            : 0
  Created             : 0
  Skipped             : 0
  Duplicates          : 0
  Errors              : 0
  Integrity           : PASS
  Dashboard KPI       : PASS
  Proposal Links      : PASS
  Project Links       : PASS
--------------------------------------------------
[2026-08-03T21:33:22.430718] MODE: ACTUAL
  Customers Found     : 1
  Pipeline Deals Found: 0
  Migrated            : 0
  Created             : 1
  Skipped             : 0
  Duplicates          : 0
  Errors              : 0
  Integrity           : PASS
  Dashboard KPI       : PASS
  Proposal Links      : PASS
  Project Links       : PASS
--------------------------------------------------
[2026-08-03T21:33:22.832801] MODE: ACTUAL
  Customers Found     : 0
  Pipeline Deals Found: 0
  Migrated            : 0
  Created             : 0
  Skipped             : 0
  Duplicates          : 0
  Errors              : 0
  Integrity           : PASS
  Dashboard KPI       : PASS
  Proposal Links      : PASS
  Project Links       : PASS
--------------------------------------------------
[2026-08-08T13:16:54.412617] MODE: ACTUAL
  Customers Found     : 0
  Pipeline Deals Found: 0
  Migrated            : 0
  Created             : 0
  Skipped             : 0
  Duplicates          : 0
  Errors              : 0
  Integrity           : PASS
  Dashboard KPI       : PASS
  Proposal Links      : PASS
  Project Links       : PASS
--------------------------------------------------
[2026-08-08T13:17:18.289331] MODE: ACTUAL
  Customers Found     : 0
  Pipeline Deals Found: 0
  Migrated            : 0
  Created             : 0
  Skipped             : 0
  Duplicates          : 0
  Errors              : 0
  Integrity           : PASS
  Dashboard KPI       : PASS
  Proposal Links      : PASS
  Project Links       : PASS
--------------------------------------------------
[2026-08-08T13:17:19.239011] MODE: ACTUAL
  Customers Found     : 1
  Pipeline Deals Found: 0
  Migrated            : 0
  Created             : 0
  Skipped             : 0
  Duplicates          : 0
  Errors              : 0
  Integrity           : PASS
  Dashboard KPI       : PASS
  Proposal Links      : PASS
  Project Links       : PASS
--------------------------------------------------
[2026-08-14T22:55:44.430684] MODE: ACTUAL
  Customers Found     : 1
  Pipeline Deals Found: 0
  Migrated            : 0
  Created             : 0
  Skipped             : 0
  Duplicates          : 0
  Errors              : 0
  Integrity           : PASS
  Dashboard KPI       : PASS
  Proposal Links      : PASS
  Project Links       : PASS
--------------------------------------------------
[2026-08-14T23:34:28.398226] MODE: ACTUAL
  Customers Found     : 1
  Pipeline Deals Found: 0
  Migrated            : 0
  Created             : 0
  Skipped             : 0
  Duplicates          : 0
  Errors              : 0
  Integrity           : PASS
  Dashboard KPI       : PASS
  Proposal Links      : PASS
  Project Links       : PASS
--------------------------------------------------
[2026-08-14T23:35:14.271688] MODE: ACTUAL
  Customers Found     : 1
  Pipeline Deals Found: 0
  Migrated            : 0
  Created             : 0
  Skipped             : 0
  Duplicates          : 0
  Errors              : 0
  Integrity           : PASS
  Dashboard KPI       : PASS
  Proposal Links      : PASS
  Project Links       : PASS
--------------------------------------------------
[2026-08-14T23:35:15.534535] MODE: ACTUAL
  Customers Found     : 1
  Pipeline Deals Found: 0
  Migrated            : 0
  Created             : 0
  Skipped             : 0
  Duplicates          : 0
  Errors              : 0
  Integrity           : PASS
  Dashboard KPI       : PASS
  Proposal Links      : PASS
  Project Links       : PASS
--------------------------------------------------
[2026-08-14T23:35:16.639768] MODE: ACTUAL
  Customers Found     : 0
  Pipeline Deals Found: 0
  Migrated            : 0
  Created             : 0
  Skipped             : 0
  Duplicates          : 0
  Errors              : 0
  Integrity           : PASS
  Dashboard KPI       : PASS
  Proposal Links      : PASS
  Project Links       : PASS
--------------------------------------------------
[2026-08-14T23:35:17.138490] MODE: ACTUAL
  Customers Found     : 1
  Pipeline Deals Found: 0
  Migrated            : 0
  Created             : 0
  Skipped             : 0
  Duplicates          : 0
  Errors              : 0
  Integrity           : PASS
  Dashboard KPI       : PASS
  Proposal Links      : PASS
  Project Links       : PASS
--------------------------------------------------
[2026-08-14T23:37:54.145896] MODE: ACTUAL
  Customers Found     : 0
  Pipeline Deals Found: 0
  Migrated            : 0
  Created             : 0
  Skipped             : 0
  Duplicates          : 0
  Errors              : 0
  Integrity           : PASS
  Dashboard KPI       : PASS
  Proposal Links      : PASS
  Project Links       : PASS
--------------------------------------------------
[2026-08-14T23:37:54.636182] MODE: ACTUAL
  Customers Found     : 1
  Pipeline Deals Found: 0
  Migrated            : 0
  Created             : 0
  Skipped             : 0
  Duplicates          : 0
  Errors              : 0
  Integrity           : PASS
  Dashboard KPI       : PASS
  Proposal Links      : PASS
  Project Links       : PASS
--------------------------------------------------
[2026-08-15T02:05:56.139293] MODE: ACTUAL
  Customers Found     : 1
  Pipeline Deals Found: 0
  Migrated            : 0
  Created             : 0
  Skipped             : 0
  Duplicates          : 0
  Errors              : 0
  Integrity           : PASS
  Dashboard KPI       : PASS
  Proposal Links      : PASS
  Project Links       : PASS
--------------------------------------------------
[2026-08-15T02:05:57.232419] MODE: ACTUAL
  Customers Found     : 1
  Pipeline Deals Found: 0
  Migrated            : 0
  Created             : 0
  Skipped             : 0
  Duplicates          : 0
  Errors              : 0
  Integrity           : PASS
  Dashboard KPI       : PASS
  Proposal Links      : PASS
  Project Links       : PASS
--------------------------------------------------
[2026-08-15T02:05:58.445872] MODE: ACTUAL
  Customers Found     : 0
  Pipeline Deals Found: 0
  Migrated            : 0
  Created             : 0
  Skipped             : 0
  Duplicates          : 0
  Errors              : 0
  Integrity           : PASS
  Dashboard KPI       : PASS
  Proposal Links      : PASS
  Project Links       : PASS
--------------------------------------------------
[2026-08-15T02:05:59.419482] MODE: ACTUAL
  Customers Found     : 1
  Pipeline Deals Found: 0
  Migrated            : 0
  Created             : 0
  Skipped             : 0
  Duplicates          : 0
  Errors              : 0
  Integrity           : PASS
  Dashboard KPI       : PASS
  Proposal Links      : PASS
  Project Links       : PASS
--------------------------------------------------
[2026-08-15T02:25:19.275883] MODE: ACTUAL
  Customers Found     : 0
  Pipeline Deals Found: 0
  Migrated            : 0
  Created             : 0
  Skipped             : 0
  Duplicates          : 0
  Errors              : 0
  Integrity           : PASS
  Dashboard KPI       : PASS
  Proposal Links      : PASS
  Project Links       : PASS
--------------------------------------------------
[2026-08-15T02:25:20.250909] MODE: ACTUAL
  Customers Found     : 1
  Pipeline Deals Found: 0
  Migrated            : 0
  Created             : 0
  Skipped             : 0
  Duplicates          : 0
  Errors              : 0
  Integrity           : PASS
  Dashboard KPI       : PASS
  Proposal Links      : PASS
  Project Links       : PASS
--------------------------------------------------
[2026-08-15T02:29:59.251013] MODE: ACTUAL
  Customers Found     : 0
  Pipeline Deals Found: 0
  Migrated            : 0
  Created             : 0
  Skipped             : 0
  Duplicates          : 0
  Errors              : 0
  Integrity           : PASS
  Dashboard KPI       : PASS
  Proposal Links      : PASS
  Project Links       : PASS
--------------------------------------------------
[2026-08-15T02:30:00.232884] MODE: ACTUAL
  Customers Found     : 1
  Pipeline Deals Found: 0
  Migrated            : 0
  Created             : 0
  Skipped             : 0
  Duplicates          : 0
  Errors              : 0
  Integrity           : PASS
  Dashboard KPI       : PASS
  Proposal Links      : PASS
  Project Links       : PASS
--------------------------------------------------
[2026-08-15T02:33:20.065547] MODE: ACTUAL
  Customers Found     : 0
  Pipeline Deals Found: 0
  Migrated            : 0
  Created             : 0
  Skipped             : 0
  Duplicates          : 0
  Errors              : 0
  Integrity           : PASS
  Dashboard KPI       : PASS
  Proposal Links      : PASS
  Project Links       : PASS
--------------------------------------------------
[2026-08-15T02:33:21.003089] MODE: ACTUAL
  Customers Found     : 1
  Pipeline Deals Found: 0
  Migrated            : 0
  Created             : 0
  Skipped             : 0
  Duplicates          : 0
  Errors              : 0
  Integrity           : PASS
  Dashboard KPI       : PASS
  Proposal Links      : PASS
  Project Links       : PASS
--------------------------------------------------
[2026-08-15T02:34:33.809057] MODE: ACTUAL
  Customers Found     : 0
  Pipeline Deals Found: 0
  Migrated            : 0
  Created             : 0
  Skipped             : 0
  Duplicates          : 0
  Errors              : 0
  Integrity           : PASS
  Dashboard KPI       : PASS
  Proposal Links      : PASS
  Project Links       : PASS
--------------------------------------------------
[2026-08-15T02:34:34.773800] MODE: ACTUAL
  Customers Found     : 1
  Pipeline Deals Found: 0
  Migrated            : 0
  Created             : 0
  Skipped             : 0
  Duplicates          : 0
  Errors              : 0
  Integrity           : PASS
  Dashboard KPI       : PASS
  Proposal Links      : PASS
  Project Links       : PASS
--------------------------------------------------
[2026-08-15T02:37:41.704789] MODE: ACTUAL
  Customers Found     : 1
  Pipeline Deals Found: 0
  Migrated            : 0
  Created             : 0
  Skipped             : 0
  Duplicates          : 0
  Errors              : 0
  Integrity           : PASS
  Dashboard KPI       : PASS
  Proposal Links      : PASS
  Project Links       : PASS
--------------------------------------------------
[2026-08-15T02:38:39.345158] MODE: ACTUAL
  Customers Found     : 0
  Pipeline Deals Found: 0
  Migrated            : 0
  Created             : 0
  Skipped             : 0
  Duplicates          : 0
  Errors              : 0
  Integrity           : PASS
  Dashboard KPI       : PASS
  Proposal Links      : PASS
  Project Links       : PASS
--------------------------------------------------
[2026-08-15T02:38:40.310608] MODE: ACTUAL
  Customers Found     : 1
  Pipeline Deals Found: 0
  Migrated            : 0
  Created             : 0
  Skipped             : 0
  Duplicates          : 0
  Errors              : 0
  Integrity           : PASS
  Dashboard KPI       : PASS
  Proposal Links      : PASS
  Project Links       : PASS
--------------------------------------------------
[2026-08-15T02:40:53.916236] MODE: ACTUAL
  Customers Found     : 1
  Pipeline Deals Found: 0
  Migrated            : 0
  Created             : 0
  Skipped             : 0
  Duplicates          : 0
  Errors              : 0
  Integrity           : PASS
  Dashboard KPI       : PASS
  Proposal Links      : PASS
  Project Links       : PASS
--------------------------------------------------
[2026-08-15T02:41:39.879619] MODE: ACTUAL
  Customers Found     : 0
  Pipeline Deals Found: 0
  Migrated            : 0
  Created             : 0
  Skipped             : 0
  Duplicates          : 0
  Errors              : 0
  Integrity           : PASS
  Dashboard KPI       : PASS
  Proposal Links      : PASS
  Project Links       : PASS
--------------------------------------------------
[2026-08-15T02:41:40.845941] MODE: ACTUAL
  Customers Found     : 1
  Pipeline Deals Found: 0
  Migrated            : 0
  Created             : 0
  Skipped             : 0
  Duplicates          : 0
  Errors              : 0
  Integrity           : PASS
  Dashboard KPI       : PASS
  Proposal Links      : PASS
  Project Links       : PASS
--------------------------------------------------
[2026-08-15T02:45:15.037078] MODE: ACTUAL
  Customers Found     : 1
  Pipeline Deals Found: 0
  Migrated            : 0
  Created             : 0
  Skipped             : 0
  Duplicates          : 0
  Errors              : 0
  Integrity           : PASS
  Dashboard KPI       : PASS
  Proposal Links      : PASS
  Project Links       : PASS
--------------------------------------------------
[2026-08-15T02:45:21.459174] MODE: ACTUAL
  Customers Found     : 1
  Pipeline Deals Found: 0
  Migrated            : 0
  Created             : 0
  Skipped             : 0
  Duplicates          : 0
  Errors              : 0
  Integrity           : PASS
  Dashboard KPI       : PASS
  Proposal Links      : PASS
  Project Links       : PASS
--------------------------------------------------
[2026-08-15T02:45:53.116853] MODE: ACTUAL
  Customers Found     : 0
  Pipeline Deals Found: 0
  Migrated            : 0
  Created             : 0
  Skipped             : 0
  Duplicates          : 0
  Errors              : 0
  Integrity           : PASS
  Dashboard KPI       : PASS
  Proposal Links      : PASS
  Project Links       : PASS
--------------------------------------------------
[2026-08-15T02:45:54.081147] MODE: ACTUAL
  Customers Found     : 1
  Pipeline Deals Found: 0
  Migrated            : 0
  Created             : 0
  Skipped             : 0
  Duplicates          : 0
  Errors              : 0
  Integrity           : PASS
  Dashboard KPI       : PASS
  Proposal Links      : PASS
  Project Links       : PASS
--------------------------------------------------
[2026-08-15T02:47:40.698009] MODE: ACTUAL
  Customers Found     : 0
  Pipeline Deals Found: 0
  Migrated            : 0
  Created             : 0
  Skipped             : 0
  Duplicates          : 0
  Errors              : 0
  Integrity           : PASS
  Dashboard KPI       : PASS
  Proposal Links      : PASS
  Project Links       : PASS
--------------------------------------------------
[2026-08-15T02:47:41.646737] MODE: ACTUAL
  Customers Found     : 1
  Pipeline Deals Found: 0
  Migrated            : 0
  Created             : 0
  Skipped             : 0
  Duplicates          : 0
  Errors              : 0
  Integrity           : PASS
  Dashboard KPI       : PASS
  Proposal Links      : PASS
  Project Links       : PASS
--------------------------------------------------
[2026-08-15T02:56:48.300536] MODE: ACTUAL
  Customers Found     : 0
  Pipeline Deals Found: 0
  Migrated            : 0
  Created             : 0
  Skipped             : 0
  Duplicates          : 0
  Errors              : 0
  Integrity           : PASS
  Dashboard KPI       : PASS
  Proposal Links      : PASS
  Project Links       : PASS
--------------------------------------------------
[2026-08-15T02:56:49.326835] MODE: ACTUAL
  Customers Found     : 1
  Pipeline Deals Found: 0
  Migrated            : 0
  Created             : 0
  Skipped             : 0
  Duplicates          : 0
  Errors              : 0
  Integrity           : PASS
  Dashboard KPI       : PASS
  Proposal Links      : PASS
  Project Links       : PASS
--------------------------------------------------
[2026-08-15T03:02:41.598431] MODE: ACTUAL
  Customers Found     : 0
  Pipeline Deals Found: 0
  Migrated            : 0
  Created             : 0
  Skipped             : 0
  Duplicates          : 0
  Errors              : 0
  Integrity           : PASS
  Dashboard KPI       : PASS
  Proposal Links      : PASS
  Project Links       : PASS
--------------------------------------------------
[2026-08-15T03:02:42.660970] MODE: ACTUAL
  Customers Found     : 1
  Pipeline Deals Found: 0
  Migrated            : 0
  Created             : 0
  Skipped             : 0
  Duplicates          : 0
  Errors              : 0
  Integrity           : PASS
  Dashboard KPI       : PASS
  Proposal Links      : PASS
  Project Links       : PASS
--------------------------------------------------
[2026-08-15T03:04:39.115007] MODE: ACTUAL
  Customers Found     : 0
  Pipeline Deals Found: 0
  Migrated            : 0
  Created             : 0
  Skipped             : 0
  Duplicates          : 0
  Errors              : 0
  Integrity           : PASS
  Dashboard KPI       : PASS
  Proposal Links      : PASS
  Project Links       : PASS
--------------------------------------------------
[2026-08-15T03:04:40.144510] MODE: ACTUAL
  Customers Found     : 1
  Pipeline Deals Found: 0
  Migrated            : 0
  Created             : 0
  Skipped             : 0
  Duplicates          : 0
  Errors              : 0
  Integrity           : PASS
  Dashboard KPI       : PASS
  Proposal Links      : PASS
  Project Links       : PASS
--------------------------------------------------
[2026-08-15T03:06:22.550377] MODE: ACTUAL
  Customers Found     : 1
  Pipeline Deals Found: 0
  Migrated            : 0
  Created             : 0
  Skipped             : 0
  Duplicates          : 0
  Errors              : 0
  Integrity           : PASS
  Dashboard KPI       : PASS
  Proposal Links      : PASS
  Project Links       : PASS
--------------------------------------------------
[2026-08-15T03:06:23.684952] MODE: ACTUAL
  Customers Found     : 1
  Pipeline Deals Found: 0
  Migrated            : 0
  Created             : 0
  Skipped             : 0
  Duplicates          : 0
  Errors              : 0
  Integrity           : PASS
  Dashboard KPI       : PASS
  Proposal Links      : PASS
  Project Links       : PASS
--------------------------------------------------
[2026-08-15T03:06:24.961881] MODE: ACTUAL
  Customers Found     : 0
  Pipeline Deals Found: 0
  Migrated            : 0
  Created             : 0
  Skipped             : 0
  Duplicates          : 0
  Errors              : 0
  Integrity           : PASS
  Dashboard KPI       : PASS
  Proposal Links      : PASS
  Project Links       : PASS
--------------------------------------------------
[2026-08-15T03:06:25.969770] MODE: ACTUAL
  Customers Found     : 1
  Pipeline Deals Found: 0
  Migrated            : 0
  Created             : 0
  Skipped             : 0
  Duplicates          : 0
  Errors              : 0
  Integrity           : PASS
  Dashboard KPI       : PASS
  Proposal Links      : PASS
  Project Links       : PASS
--------------------------------------------------
[2026-08-15T03:09:47.882015] MODE: ACTUAL
  Customers Found     : 0
  Pipeline Deals Found: 0
  Migrated            : 0
  Created             : 0
  Skipped             : 0
  Duplicates          : 0
  Errors              : 0
  Integrity           : PASS
  Dashboard KPI       : PASS
  Proposal Links      : PASS
  Project Links       : PASS
--------------------------------------------------
[2026-08-15T03:09:48.809205] MODE: ACTUAL
  Customers Found     : 1
  Pipeline Deals Found: 0
  Migrated            : 0
  Created             : 0
  Skipped             : 0
  Duplicates          : 0
  Errors              : 0
  Integrity           : PASS
  Dashboard KPI       : PASS
  Proposal Links      : PASS
  Project Links       : PASS
--------------------------------------------------
[2026-08-15T03:12:21.739907] MODE: ACTUAL
  Customers Found     : 0
  Pipeline Deals Found: 0
  Migrated            : 0
  Created             : 0
  Skipped             : 0
  Duplicates          : 0
  Errors              : 0
  Integrity           : PASS
  Dashboard KPI       : PASS
  Proposal Links      : PASS
  Project Links       : PASS
--------------------------------------------------
[2026-08-15T03:12:22.727212] MODE: ACTUAL
  Customers Found     : 1
  Pipeline Deals Found: 0
  Migrated            : 0
  Created             : 0
  Skipped             : 0
  Duplicates          : 0
  Errors              : 0
  Integrity           : PASS
  Dashboard KPI       : PASS
  Proposal Links      : PASS
  Project Links       : PASS
--------------------------------------------------
[2026-08-15T03:14:21.120252] MODE: ACTUAL
  Customers Found     : 0
  Pipeline Deals Found: 0
  Migrated            : 0
  Created             : 0
  Skipped             : 0
  Duplicates          : 0
  Errors              : 0
  Integrity           : PASS
  Dashboard KPI       : PASS
  Proposal Links      : PASS
  Project Links       : PASS
--------------------------------------------------
[2026-08-15T03:14:22.101976] MODE: ACTUAL
  Customers Found     : 1
  Pipeline Deals Found: 0
  Migrated            : 0
  Created             : 0
  Skipped             : 0
  Duplicates          : 0
  Errors              : 0
  Integrity           : PASS
  Dashboard KPI       : PASS
  Proposal Links      : PASS
  Project Links       : PASS
--------------------------------------------------
[2026-08-15T03:18:02.341771] MODE: ACTUAL
  Customers Found     : 0
  Pipeline Deals Found: 0
  Migrated            : 0
  Created             : 0
  Skipped             : 0
  Duplicates          : 0
  Errors              : 0
  Integrity           : PASS
  Dashboard KPI       : PASS
  Proposal Links      : PASS
  Project Links       : PASS
--------------------------------------------------
[2026-08-15T03:18:03.294765] MODE: ACTUAL
  Customers Found     : 1
  Pipeline Deals Found: 0
  Migrated            : 0
  Created             : 0
  Skipped             : 0
  Duplicates          : 0
  Errors              : 0
  Integrity           : PASS
  Dashboard KPI       : PASS
  Proposal Links      : PASS
  Project Links       : PASS
--------------------------------------------------
[2026-08-15T03:19:23.053109] MODE: ACTUAL
  Customers Found     : 0
  Pipeline Deals Found: 0
  Migrated            : 0
  Created             : 0
  Skipped             : 0
  Duplicates          : 0
  Errors              : 0
  Integrity           : PASS
  Dashboard KPI       : PASS
  Proposal Links      : PASS
  Project Links       : PASS
--------------------------------------------------
[2026-08-15T03:19:24.026962] MODE: ACTUAL
  Customers Found     : 1
  Pipeline Deals Found: 0
  Migrated            : 0
  Created             : 0
  Skipped             : 0
  Duplicates          : 0
  Errors              : 0
  Integrity           : PASS
  Dashboard KPI       : PASS
  Proposal Links      : PASS
  Project Links       : PASS
--------------------------------------------------
[2026-08-15T03:20:50.693792] MODE: ACTUAL
  Customers Found     : 0
  Pipeline Deals Found: 0
  Migrated            : 0
  Created             : 0
  Skipped             : 0
  Duplicates          : 0
  Errors              : 0
  Integrity           : PASS
  Dashboard KPI       : PASS
  Proposal Links      : PASS
  Project Links       : PASS
--------------------------------------------------
[2026-08-15T03:20:51.652728] MODE: ACTUAL
  Customers Found     : 1
  Pipeline Deals Found: 0
  Migrated            : 0
  Created             : 0
  Skipped             : 0
  Duplicates          : 0
  Errors              : 0
  Integrity           : PASS
  Dashboard KPI       : PASS
  Proposal Links      : PASS
  Project Links       : PASS
--------------------------------------------------
[2026-08-15T03:23:39.387089] MODE: ACTUAL
  Customers Found     : 0
  Pipeline Deals Found: 0
  Migrated            : 0
  Created             : 0
  Skipped             : 0
  Duplicates          : 0
  Errors              : 0
  Integrity           : PASS
  Dashboard KPI       : PASS
  Proposal Links      : PASS
  Project Links       : PASS
--------------------------------------------------
[2026-08-15T03:23:40.352879] MODE: ACTUAL
  Customers Found     : 1
  Pipeline Deals Found: 0
  Migrated            : 0
  Created             : 0
  Skipped             : 0
  Duplicates          : 0
  Errors              : 0
  Integrity           : PASS
  Dashboard KPI       : PASS
  Proposal Links      : PASS
  Project Links       : PASS
--------------------------------------------------
[2026-08-15T03:50:32.762238] MODE: ACTUAL
  Customers Found     : 0
  Pipeline Deals Found: 0
  Migrated            : 0
  Created             : 0
  Skipped             : 0
  Duplicates          : 0
  Errors              : 0
  Integrity           : PASS
  Dashboard KPI       : PASS
  Proposal Links      : PASS
  Project Links       : PASS
--------------------------------------------------
[2026-08-15T03:50:33.743271] MODE: ACTUAL
  Customers Found     : 1
  Pipeline Deals Found: 0
  Migrated            : 0
  Created             : 0
  Skipped             : 0
  Duplicates          : 0
  Errors              : 0
  Integrity           : PASS
  Dashboard KPI       : PASS
  Proposal Links      : PASS
  Project Links       : PASS
--------------------------------------------------
[2026-08-15T03:55:09.639584] MODE: ACTUAL
  Customers Found     : 0
  Pipeline Deals Found: 0
  Migrated            : 0
  Created             : 0
  Skipped             : 0
  Duplicates          : 0
  Errors              : 0
  Integrity           : PASS
  Dashboard KPI       : PASS
  Proposal Links      : PASS
  Project Links       : PASS
--------------------------------------------------
[2026-08-15T03:55:10.590986] MODE: ACTUAL
  Customers Found     : 1
  Pipeline Deals Found: 0
  Migrated            : 0
  Created             : 0
  Skipped             : 0
  Duplicates          : 0
  Errors              : 0
  Integrity           : PASS
  Dashboard KPI       : PASS
  Proposal Links      : PASS
  Project Links       : PASS
--------------------------------------------------
[2026-08-15T04:00:03.258557] MODE: ACTUAL
  Customers Found     : 1
  Pipeline Deals Found: 0
  Migrated            : 0
  Created             : 0
  Skipped             : 0
  Duplicates          : 0
  Errors              : 0
  Integrity           : PASS
  Dashboard KPI       : PASS
  Proposal Links      : PASS
  Project Links       : PASS
--------------------------------------------------
